Type,Title,Link,Price_sale,Sale_off,Total_sold,Preview,Location,Price_original,Ship_price,Return,Sale_rating,Ship_on_time,Chat_response,One_star,Two_star,Three_star,Four_star,Five_star
dien thoai,Điện thoại Samsung Galaxy S24 Ultra 5G - Hàng Chính Hãng - Nguyên Seal - Mới 100%,https://www.lazada.vn/products/dien-thoai-samsung-galaxy-ultra-5g-hang-chinh-hang-nguyen-seal-moi-100-i1950720247.html,24.188.000 ₫,29% Off,11 Đã bán,(1),Đà Nẵng,33.990.000 ₫,38.000 ₫,,97%,81%,80%,['0'],['0'],['0'],['0'],['2']
dien thoai,Điện thoại Samsung Galaxy S24 8GB/256GB - Độc quyền Online,https://www.lazada.vn/products/dien-thoai-samsung-galaxy-8gb256gb-doc-quyen-online-i2534436616.html,20.090.000 ₫,13% Off,,(1),Hồ Chí Minh,22.990.000 ₫,,30 Ngày Trả Hàng Miễn Phí,91%,Không đủ thông tin,100%,['0'],['0'],['0'],['0'],['1']
dien thoai,"Điện thoại máy chiếu 8849 Tank 3 Pro(máy chiếu 100 lumens,chống nước,chống va đập, 120Hz, RAM 32GB/36GB, ROM 512GB,Pin 23800mAh, sạc nhanh 120W, camera 5G,camera 200MP)",https://www.lazada.vn/products/dien-thoai-may-chieu-8849-tank-3-promay-chieu-100-lumenschong-nuocchong-va-dap-120hz-ram-32gb36gb-rom-512gbpin-23800mah-sac-nhanh-120w-camera-5gcamera-200mp-i2612291725.html,19.995.000 ₫,9% Off,,,Hồ Chí Minh,21.990.000 ₫,Miễn phí,,97%,100%,33%,['0'],['0'],['0'],['0'],['0']
dien thoai,Điện thoại Samsung Galaxy S24 Plus 5G 12GB/256GB Chính Hãng - Bảo hành độc quyền tại Di Động Việt 02 năm,https://www.lazada.vn/products/dien-thoai-samsung-galaxy-plus-5g-12gb256gb-chinh-hang-bao-hanh-doc-quyen-tai-di-dong-viet-02-nam-i2623388929.html,19.990.000 ₫,26% Off,,,Hồ Chí Minh,26.990.000 ₫,16.500 ₫,30 Ngày Trả Hàng Miễn Phí,98%,83%,100%,['0'],['0'],['0'],['0'],['0']
dien thoai,"Điện thoại 8849 Tank 3 Pro(máy chiếu 100 lumens, 120Hz, RAM 32GB/36GB, ROM 512GB,Pin 23800mAh, sạc nhanh 120W, camera 5G,camera 200MP)",https://www.lazada.vn/products/dien-thoai-8849-tank-3-promay-chieu-100-lumens-120hz-ram-32gb36gb-rom-512gbpin-23800mah-sac-nhanh-120w-camera-5gcamera-200mp-i2609777846.html,19.990.000 ₫,5% Off,,,Hồ Chí Minh,20.990.000 ₫,19.600 ₫,,85%,Không đủ thông tin,100%,['0'],['0'],['0'],['0'],['0']
dien thoai,"Điện thoại Unihertz Tank 3 Pro (máy chiếu 100 lumens, 120Hz, RAM 32GB/36GB, ROM 512GB,Pin 23800mAh, sạc nhanh 120W, camera 5G,camera 200MP)",https://www.lazada.vn/products/dien-thoai-unihertz-tank-3-pro-may-chieu-100-lumens-120hz-ram-32gb36gb-rom-512gbpin-23800mah-sac-nhanh-120w-camera-5gcamera-200mp-i2627541965.html,19.890.000 ₫,1% Off,,,Hồ Chí Minh,19.990.000 ₫,Miễn phí,,97%,100%,33%,['0'],['0'],['0'],['0'],['0']
dien thoai,"Điện thoại máy chiếu Unihertz Tank 3 Pro (máy chiếu 100 lumens,chống nước,chống va đập, 120Hz, RAM 32GB/36GB, ROM 512GB,Pin 23800mAh, sạc nhanh 120W, camera 5G,camera 200MP)",https://www.lazada.vn/products/dien-thoai-may-chieu-unihertz-tank-3-pro-may-chieu-100-lumenschong-nuocchong-va-dap-120hz-ram-32gb36gb-rom-512gbpin-23800mah-sac-nhanh-120w-camera-5gcamera-200mp-i2624470355.html,19.890.000 ₫,,,,Hồ Chí Minh,19.900.000 ₫,19.600 ₫,,85%,Không đủ thông tin,100%,['0'],['0'],['0'],['0'],['0']
dien thoai,Điện thoại thông minh Xiaomi 14 (12+256GB),https://www.lazada.vn/products/dien-thoai-thong-minh-xiaomi-14-12256gb-i2581617853.html,19.640.000 ₫,15% Off,10 Đã bán,(4),Hồ Chí Minh,22.990.000 ₫,18.300 ₫,30 Ngày Trả Hàng Miễn Phí,99%,99%,98%,['0'],['0'],['0'],['0'],['4']
dien thoai,"Điện thoại XIAOMI 14 5G Ram 12GB | 256GB - Màn hình 6.36"" 120Hz | Chip Snapdragon 8 Gen 3 - Bảo hành 18 tháng",https://www.lazada.vn/products/dien-thoai-xiaomi-14-5g-ram-12gb-256gb-man-hinh-636-120hz-chip-snapdragon-8-gen-3-bao-hanh-18-thang-i2640573709.html,19.190.000 ₫,17% Off,,,Hồ Chí Minh,23.000.000 ₫,16.500 ₫,30 Ngày Trả Hàng Miễn Phí,98%,83%,100%,['0'],['0'],['0'],['0'],['1']
dien thoai,"Điện thoại OPPO Find N3 Flip 5G 12GB/256GB Hàng Chính Hãng, Mới 100%",https://www.lazada.vn/products/dien-thoai-oppo-find-n3-flip-5g-12gb256gb-hang-chinh-hang-moi-100-i2598495275.html,19.140.000 ₫,17% Off,,,Hồ Chí Minh,22.990.000 ₫,16.500 ₫,,100%,99%,100%,['0'],['0'],['0'],['0'],['0']
dien thoai,Điện thoại Xiaomi 14 5G (12GB/256GB) - Chính hãng,https://www.lazada.vn/products/dien-thoai-xiaomi-14-5g-12gb256gb-chinh-hang-i2621150440.html,18.990.000 ₫,17% Off,,,Đà Nẵng,22.990.000 ₫,38.000 ₫,,97%,81%,80%,['0'],['0'],['0'],['0'],['0']
dien thoai,Điện thoại Xiaomi 14 12GB/256GB - Hàng Chính Hãng - Bảo Hành 24 Tháng,https://www.lazada.vn/products/dien-thoai-xiaomi-14-12gb256gb-hang-chinh-hang-bao-hanh-24-thang-i2611356063.html,18.990.000 ₫,17% Off,,,Đà Nẵng,22.990.000 ₫,38.000 ₫,,96%,25%,100%,['0'],['0'],['0'],['0'],['0']
dien thoai,Điện thoại OPPO Find X5 Pro - Hàng chính hãng,https://www.lazada.vn/products/dien-thoai-oppo-find-x5-pro-hang-chinh-hang-i2211957670.html,18.990.000 ₫,42% Off,8 Đã bán,(3),Hồ Chí Minh,32.990.000 ₫,18.300 ₫,30 Ngày Trả Hàng Miễn Phí,99%,100%,85%,['0'],['0'],['0'],['0'],['2']
dien thoai,Điện thoại Galaxy S23 Ultra 5G (mới 99% nobox - 12GB/256GB) Hàn 2 sim - BH lỗi 1 đổi 1 (ai cần màu gì nhắn shop),https://www.lazada.vn/products/dien-thoai-galaxy-ultra-5g-moi-99-nobox-12gb256gb-han-2-sim-bh-loi-1-doi-1-ai-can-mau-gi-nhan-shop-i2587805343.html,18.866.000 ₫,9% Off,,,Hà Nội,21.299.000 ₫,32.700 ₫,,97%,Không đủ thông tin,Không đủ thông tin,['0'],['0'],['0'],['0'],['0']
dien thoai,Điện thoại Samsung Galaxy S23 Ultra 5G Quốc tế / New Seal Fullbox ( Snapdragon 8 Gen2/ 256GB/512 )- tại Bmobile,https://www.lazada.vn/products/dien-thoai-samsung-galaxy-ultra-5g-quoc-te-new-seal-fullbox-snapdragon-8-gen2-256gb512-tai-bmobile-i2538590202.html,18.599.000 ₫,11% Off,,,Hà Nội,23.990.000 ₫,13.700 ₫,,100%,100%,100%,['0'],['0'],['0'],['0'],['0']
dien thoai,Điện thoại Samsung Galaxy S23 Ultra 12GB bộ nhớ khủng 1TB chính hãng SSVN bảo hành 1 đổi 1 trong 12,https://www.lazada.vn/products/dien-thoai-samsung-galaxy-ultra-12gb-bo-nho-khung-1tb-chinh-hang-ssvn-bao-hanh-1-doi-1-trong-12-i2640580451.html,17.990.000 ₫,,,,Hồ Chí Minh,,16.500 ₫,,Không đủ thông tin,Không đủ thông tin,66%,['0'],['0'],['0'],['0'],['0']
dien thoai,Điện Thoại Samsung S23 Plus (8GB/256GB) Hàng Chính Hãng Bảo Hành 12 Tháng Toàn Quốc,https://www.lazada.vn/products/dien-thoai-samsung-plus-8gb256gb-hang-chinh-hang-bao-hanh-12-thang-toan-quoc-i2211049293.html,17.990.000 ₫,,,,Bến Tre,,28.700 ₫,30 Ngày Trả Hàng Miễn Phí,83%,Không đủ thông tin,Không đủ thông tin,['0'],['0'],['0'],['0'],['0']
dien thoai,Điện thoại Samsung Galaxy S24 5G 8GB/256GB Chính Hãng - Bảo hành độc quyền tại Di Động Việt 02 năm,https://www.lazada.vn/products/dien-thoai-samsung-galaxy-5g-8gb256gb-chinh-hang-bao-hanh-doc-quyen-tai-di-dong-viet-02-nam-i2631734935.html,17.950.000 ₫,22% Off,,,Hồ Chí Minh,22.990.000 ₫,16.500 ₫,30 Ngày Trả Hàng Miễn Phí,98%,83%,100%,['0'],['0'],['0'],['0'],['0']
dien thoai,Điện thoại Black shark 3 trắng . Đẹp keng . 2sim.,https://www.lazada.vn/products/dien-thoai-black-shark-3-trang-dep-keng-2sim-i1703888692.html,17.800.000 ₫,,45 Đã bán,(5),Hồ Chí Minh,,Miễn phí,,100%,Không đủ thông tin,Không đủ thông tin,['0'],['0'],['0'],['0'],['5']
dien thoai,Điện thoại Samsung Z Fold 4 5G (12GB/512GB) - Hàng 99%,https://www.lazada.vn/products/dien-thoai-samsung-z-fold-4-5g-12gb512gb-hang-99-i2640618378.html,17.499.000 ₫,,,,Hồ Chí Minh,,16.500 ₫,,Không đủ thông tin,Không đủ thông tin,66%,['0'],['0'],['0'],['0'],['0']
dien thoai,"Điện thoại Samsung Galaxy S24+ 5G (12GB/256GB) Nguyên seal, chính hãng,MỚI 100%,Màn hình: Dynamic AMOLED 2X 6.7"" Quad HD+ (2K+), Camera sau: Chính 50 MP & Phụ 12 MP, 10 MP, Camera trước: 12 MP Chip: Exynos 2400 8 nhân, SIM:1 Nano SIM & 1 eSIM,Pin: 4000mAh",https://www.lazada.vn/products/dien-thoai-samsung-galaxy-5g-12gb256gb-nguyen-seal-chinh-hangmoi-100man-hinhdynamic-amoled-2x-67-quad-hd-2k-camera-sau-chinh-50-mp-phu-12-mp-10-mp-camera-truoc-12-mp-chip-exynos-2400-8-nhan-sim1-nano-sim-1-esimpin-4000mah-i2556506948.html,17.290.000 ₫,36% Off,,,Hồ Chí Minh,26.990.000 ₫,Miễn phí,,98%,100%,88%,['0'],['0'],['0'],['0'],['0']
dien thoai,Điện Thoại Samsung Galaxy S23,https://www.lazada.vn/products/dien-thoai-samsung-galaxy-i2538970259.html,17.020.000 ₫,26% Off,,(1),Hà Nội,22.990.000 ₫,,30 Ngày Trả Hàng Miễn Phí,94%,Không đủ thông tin,83%,['0'],['0'],['0'],['0'],['1']
dien thoai,Điện Thoại Samsung Galaxy S23 | 256GB và 128GB,https://www.lazada.vn/products/dien-thoai-samsung-galaxy-256gb-va-128gb-i2186549179.html,17.020.000 ₫,26% Off,10 Đã bán,(2),Hà Nội,24.989.800 ₫,,30 Ngày Trả Hàng Miễn Phí,92%,Không đủ thông tin,33%,['0'],['0'],['0'],['0'],['2']
dien thoai,Điện thoại OPPO Find N2 Flip - Hàng chính hãng,https://www.lazada.vn/products/dien-thoai-oppo-find-n2-flip-hang-chinh-hang-i2223306984.html,16.990.000 ₫,15% Off,13 Đã bán,(5),Hồ Chí Minh,19.990.000 ₫,18.300 ₫,30 Ngày Trả Hàng Miễn Phí,99%,100%,85%,['0'],['0'],['0'],['0'],['5']
dien thoai,Điện thoại Samsung Galaxy S23 Plus 5G 256GB,https://www.lazada.vn/products/dien-thoai-samsung-galaxy-plus-5g-256gb-i2182820235.html,16.990.000 ₫,35% Off,11 Đã bán,(1),Hồ Chí Minh,25.990.000 ₫,16.500 ₫,,97%,Không đủ thông tin,Không đủ thông tin,['0'],['0'],['0'],['0'],['1']
dien thoai,"Điện Thoại Samsung Galaxy S23 Plus 5G 2 sim Mỹ chính hãng Snapdragon 8 Gen 2 Bảo hành 12 tháng , Tặng kèm sạc nhanh 25w tại Playmobile",https://www.lazada.vn/products/dien-thoai-samsung-galaxy-plus-5g-2-sim-my-chinh-hang-snapdragon-8-gen-2-bao-hanh-12-thang-tang-kem-sac-nhanh-25w-tai-playmobile-i2423533521.html,16.490.000 ₫,,,(1),Hà Nội,,13.700 ₫,,95%,100%,100%,['0'],['0'],['0'],['0'],['1']
dien thoai,"Điện Thoại Google Pixel 8 Pro, Chip Tensor G3 Với AI Camera Siêu Đỉnh, Ram 12/128/256/512GB/1T, SonPixel.",https://www.lazada.vn/products/dien-thoai-google-pixel-8-pro-chip-tensor-g3-voi-ai-camera-sieu-dinh-ram-12128256512gb1t-sonpixel-i2431492833.html,15.890.000 ₫,38% Off,7 Đã bán,(1),Hà Nội,32.900.000 ₫,38.000 ₫,,91%,95%,100%,['0'],['0'],['0'],['0'],['1']
dien thoai,"Điện thoại Samsung Galaxy S24 - Hàng Chính Hãng, Mới 100%, Nguyên seal",https://www.lazada.vn/products/dien-thoai-samsung-galaxy-hang-chinh-hang-moi-100-nguyen-seal-i2580640967.html,15.580.000 ₫,32% Off,,,Hồ Chí Minh,22.900.000 ₫,18.300 ₫,30 Ngày Trả Hàng Miễn Phí,99%,99%,98%,['0'],['0'],['0'],['0'],['0']
dien thoai,"Điện thoại Samsung Galaxy Z Flip 5 5G - Hàng Chính Hãng, MỚI 100%, Nguyên Seal",https://www.lazada.vn/products/dien-thoai-samsung-galaxy-z-flip-5-5g-hang-chinh-hang-moi-100-nguyen-seal-i2396598318.html,15.490.000 ₫,40% Off,,,Đà Nẵng,29.990.000 ₫,38.000 ₫,,97%,81%,80%,['0'],['0'],['0'],['0'],['0']
dien thoai,"Điện thoại Samsung Galaxy S24 5G (8GB/256GB) Nguyên seal, chính hãng, MỚI 100%, Màn hình:Dynamic AMOLED 2X 6.2"" Full HD+,Camera sau:Chính 50 MP & Phụ 12 MP, 10 MP,Camera trước:12 MP, Chip:Exynos 2400 8 nhân,SIM:1 Nano SIM & 1 eSIM, Pin, Sạc: 4000mAh-25W",https://www.lazada.vn/products/dien-thoai-samsung-galaxy-5g-8gb256gb-nguyen-seal-chinh-hang-moi-100-man-hinhdynamic-amoled-2x-62-full-hdcamera-sauchinh-50-mp-phu-12-mp-10-mpcamera-truoc12-mp-chipexynos-2400-8-nhansim1-nano-sim-1-esim-pin-sac-4000mah-25w-i2555922015.html,15.390.000 ₫,33% Off,,,Hồ Chí Minh,22.990.000 ₫,Miễn phí,,98%,100%,88%,['0'],['0'],['0'],['0'],['0']
dien thoai,[ ĐIỆN THOẠI ] MOTOROLA MOTO RAZR 40 ULTRA 2023 ( Snapdragon 8+ Gen 1 ),https://www.lazada.vn/products/dien-thoai-motorola-moto-razr-40-ultra-2023-snapdragon-8-gen-1-i2607611518.html,14.500.000 ₫,,,,Hồ Chí Minh,,16.500 ₫,,Nhà bán hàng mới,66%,100%,['0'],['0'],['0'],['0'],['0']
dien thoai,Điện Thoại Samsung Galaxy Note 20 Ultra 5G chip Snapdragon 865 ram 12GB/128+256GB Màn 120HZ || Zin đẹp,https://www.lazada.vn/products/dien-thoai-samsung-galaxy-note-20-ultra-5g-chip-snapdragon-865-ram-12gb128256gb-man-120hz-zin-dep-i2301141327.html,14.500.000 ₫,,5 Đã bán,,Hà Nội,,Miễn phí,,Không đủ thông tin,Không đủ thông tin,Không đủ thông tin,['0'],['0'],['0'],['0'],['0']
dien thoai,Điện Thoại Samsung Galaxy S23 - Hàng Chính Hãng Mới 100% New Seal,https://www.lazada.vn/products/dien-thoai-samsung-galaxy-hang-chinh-hang-moi-100-new-seal-i2177707148.html,14.390.000 ₫,37% Off,9 Đã bán,,Hà Nội,22.990.000 ₫,Miễn phí,,97%,50%,50%,['0'],['0'],['0'],['0'],['0']
dien thoai,Điện Thoại Samsung Galaxy S22 Ultra 5G Mỹ 2 sim Chính Hãng | Snapdragon 8 Gen 1 Tại Playmobile,https://www.lazada.vn/products/dien-thoai-samsung-galaxy-ultra-5g-my-2-sim-chinh-hang-snapdragon-8-gen-1-tai-playmobile-i2092505132.html,14.122.403 ₫,9% Off,69 Đã bán,(18),Hà Nội,17.990.000 ₫,13.700 ₫,,95%,100%,100%,['0'],['1'],['0'],['0'],['17']
dien thoai,Điện thoại Samsung Galaxy S23 5G 8G 128GB Bảo Hành 12 Tháng,https://www.lazada.vn/products/dien-thoai-samsung-galaxy-5g-8g-128gb-bao-hanh-12-thang-i2584320382.html,13.990.000 ₫,,,,Bến Tre,,28.700 ₫,30 Ngày Trả Hàng Miễn Phí,83%,Không đủ thông tin,Không đủ thông tin,['0'],['0'],['0'],['0'],['0']
dien thoai,Điện Thoại OPPO RENO8 Pro (12GB/256GB) - Hàng Chính Hãng,https://www.lazada.vn/products/dien-thoai-oppo-reno8-pro-12gb256gb-hang-chinh-hang-i2041200961.html,13.990.000 ₫,26% Off,32 Đã bán,(2),Hồ Chí Minh,18.990.000 ₫,18.300 ₫,30 Ngày Trả Hàng Miễn Phí,99%,100%,85%,['0'],['0'],['0'],['0'],['2']
dien thoai,Điện thoại Samsung Galaxy S23 5G (8/256G) - Chính Hãng - New 100% - Nguyên seal,https://www.lazada.vn/products/dien-thoai-samsung-galaxy-5g-8256g-chinh-hang-new-100-nguyen-seal-i2185281835.html,13.878.080 ₫,37% Off,7 Đã bán,,Hồ Chí Minh,21.990.000 ₫,18.300 ₫,,97%,Không đủ thông tin,50%,['0'],['0'],['0'],['0'],['0']
dien thoai,[ ĐIỆN THOẠI ] XIAOMI 13 ULTRA 5G ( Snapdragon 8 Gen 2 ),https://www.lazada.vn/products/dien-thoai-xiaomi-13-ultra-5g-snapdragon-8-gen-2-i2602550424.html,13.500.000 ₫,,,,Hồ Chí Minh,,16.500 ₫,,Nhà bán hàng mới,66%,100%,['0'],['0'],['0'],['0'],['0']
dien thoai,Điện thoại 12 pro max,https://www.lazada.vn/products/dien-thoai-12-pro-max-i2483162100.html,13.400.000 ₫,,,,Nam Định,,37.700 ₫,,87%,80%,100%,['0'],['0'],['0'],['0'],['0']
dien thoai,[ ĐIỆN THOẠI ] SAMSUNG GALAXY S22 ULTRA 5G ( Snapdragon 8 Gen 1 ),https://www.lazada.vn/products/dien-thoai-samsung-galaxy-ultra-5g-snapdragon-8-gen-1-i2603629355.html,13.200.000 ₫,,,,Hồ Chí Minh,,16.500 ₫,,Nhà bán hàng mới,66%,100%,['0'],['0'],['0'],['0'],['0']
dien thoai,Điện thoại OPPO FIND N3 (16GB/512GB) - Hàng chính hãng,https://www.lazada.vn/products/dien-thoai-oppo-find-n3-16gb512gb-hang-chinh-hang-i2455329959.html,41.990.000 ₫,7% Off,11 Đã bán,,Hồ Chí Minh,,,,,,,['0'],['0'],['0'],['0'],['0']
dien thoai,Điện thoại Samsung Galaxy Z Fold 5 - Bảo hành 12 tháng,https://www.lazada.vn/products/dien-thoai-samsung-galaxy-z-fold-5-bao-hanh-12-thang-i2616517472.html,40.990.000 ₫,,,,Hồ Chí Minh,,18.300 ₫,,97%,99%,88%,['0'],['0'],['0'],['0'],['0']
dien thoai,Điện thoại Samsung Galaxy S24 Ultra 12GB/1TB - Độc Quyền Online,https://www.lazada.vn/products/dien-thoai-samsung-galaxy-ultra-12gb1tb-doc-quyen-online-i2534500258.html,37.590.001 ₫,16% Off,24 Đã bán,(2),Hồ Chí Minh,44.490.000 ₫,,30 Ngày Trả Hàng Miễn Phí,91%,Không đủ thông tin,100%,['0'],['0'],['0'],['0'],['2']
dien thoai,[GIÁ SỐC CHỈ 6.6] [TẶNG Buds2 Pro + Duo Charger - KIỂM TRA GIỎ HÀNG] Điện thoại Samsung Galaxy S24 Ultra - Điện thoại AI - Camera 200MP Zoom 100x - S Pen - Snapdragon 8 Gen 3,https://www.lazada.vn/products/gia-soc-chi-66-tang-buds2-pro-duo-charger-kiem-tra-gio-hang-dien-thoai-samsung-galaxy-ultra-dien-thoai-ai-camera-200mp-zoom-100x-s-pen-snapdragon-8-gen-3-i2540035297.html,31.989.000 ₫,6% Off,1.4K Đã bán,(347),Hồ Chí Minh,33.990.000 ₫,16.500 ₫,30 Ngày Trả Hàng Miễn Phí,91%,99%,100%,['2'],['0'],['1'],['0'],['344']
dien thoai,[6.6 SALE TO] iPhone 15 Plus - Hàng Chính Hãng VN/A,https://www.lazada.vn/products/66-sale-to-iphone-15-plus-hang-chinh-hang-vna-i2417254495.html,31.990.000 ₫,9% Off,712 Đã bán,(151),Hồ Chí Minh,34.990.000 ₫,5.500 ₫,30 Ngày Trả Hàng Miễn Phí,94%,98%,100%,['1'],['0'],['1'],['0'],['149']
dien thoai,Điện thoại Samsung Galaxy S23 Ultra,https://www.lazada.vn/products/dien-thoai-samsung-galaxy-ultra-i2161334484.html,31.990.000 ₫,,203 Đã bán,(43),Hồ Chí Minh,,,30 Ngày Trả Hàng Miễn Phí,99%,Không đủ thông tin,100%,['2'],['0'],['0'],['0'],['41']
dien thoai,Điện thoại Samsung Galaxy S24 Ultra 12GB/512GB - Độc Quyền Online,https://www.lazada.vn/products/dien-thoai-samsung-galaxy-ultra-12gb512gb-doc-quyen-online-i2534394835.html,31.590.000 ₫,16% Off,21 Đã bán,(2),Hồ Chí Minh,37.490.000 ₫,,30 Ngày Trả Hàng Miễn Phí,91%,Không đủ thông tin,100%,['0'],['0'],['0'],['0'],['3']
dien thoai,Điện thoại Samsung Galaxy S24 Ultra - Hàng Chính Hãng 100%,https://www.lazada.vn/products/dien-thoai-samsung-galaxy-ultra-hang-chinh-hang-100-i2575878854.html,31.210.000 ₫,8% Off,,,Hà Nội,33.990.000 ₫,,30 Ngày Trả Hàng Miễn Phí,94%,Không đủ thông tin,83%,['0'],['0'],['0'],['0'],['0']
dien thoai,Điện thoại Samsung Galaxy S24 Ultra Mầu độc quyền Online,https://www.lazada.vn/products/dien-thoai-samsung-galaxy-ultra-mau-doc-quyen-online-i2575879871.html,30.470.000 ₫,10% Off,6 Đã bán,,Hà Nội,44.490.000 ₫,,30 Ngày Trả Hàng Miễn Phí,94%,Không đủ thông tin,83%,['0'],['0'],['0'],['0'],['0']
dien thoai,Điện thoại Xiaomi 14 Ultra 16GB/512GB Chính hãng,https://www.lazada.vn/products/dien-thoai-xiaomi-14-ultra-16gb512gb-chinh-hang-i2659247573.html,29.990.000 ₫,9% Off,,,Hà Nội,32.990.000 ₫,38.000 ₫,,98%,100%,92%,['0'],['0'],['0'],['0'],['0']
dien thoai,Điện thoại thông minh Xiaomi 14 Ultra (16+512GB),https://www.lazada.vn/products/dien-thoai-thong-minh-xiaomi-14-ultra-16512gb-i2645089479.html,29.517.000 ₫,11% Off,6 Đã bán,(1),Hồ Chí Minh,32.990.000 ₫,18.300 ₫,30 Ngày Trả Hàng Miễn Phí,99%,99%,98%,['0'],['0'],['0'],['0'],['2']
dien thoai,Điện thoại Samsung Galaxy Z Flip 5 - Bảo hành 12 tháng,https://www.lazada.vn/products/dien-thoai-samsung-galaxy-z-flip-5-bao-hanh-12-thang-i2616382977.html,29.990.000 ₫,,,,Hồ Chí Minh,,18.300 ₫,,97%,99%,88%,['0'],['0'],['0'],['0'],['0']
dien thoai,Điện thoại Samsung Galaxy Z Flip 5 - Bảo hành 12 tháng,https://www.lazada.vn/products/dien-thoai-samsung-galaxy-z-flip-5-bao-hanh-12-thang-i2580542717.html,29.990.000 ₫,,,,Hồ Chí Minh,,7.300 ₫,30 Ngày Trả Hàng Miễn Phí,97%,98%,85%,['0'],['0'],['0'],['0'],['0']
dien thoai,(MEGA 6.6 SALE LỚN NHẤT NĂM) Điện thoại Sony Xperia 1 V – Cảm biến Exmor T mới dành cho di động và màn hình OLED 4K HDR,https://www.lazada.vn/products/mega-66-sale-lon-nhat-nam-dien-thoai-sony-xperia-1-v-cam-bien-exmor-t-moi-danh-cho-di-dong-va-man-hinh-oled-4k-hdr-i2299841231.html,29.890.000 ₫,17% Off,16 Đã bán,(4),Bình Dương,35.990.000 ₫,,30 Ngày Trả Hàng Miễn Phí,98%,Không đủ thông tin,98%,['0'],['0'],['0'],['0'],['4']
dien thoai,[6.6 SALE TO] iPhone 15 Pro Max - Hàng Chính Hãng VN/A,https://www.lazada.vn/products/66-sale-to-iphone-15-pro-max-hang-chinh-hang-vna-i2417233670.html,29.689.000 ₫,15% Off,11.9K Đã bán,(2683),Hồ Chí Minh,34.999.000 ₫,5.500 ₫,30 Ngày Trả Hàng Miễn Phí,94%,98%,100%,['31'],['3'],['8'],['9'],['2631']
dien thoai,Điện Thoại Samsung Galaxy S23 Ultra 5G - Hàng Chính Hãng,https://www.lazada.vn/products/dien-thoai-samsung-galaxy-ultra-5g-hang-chinh-hang-i2617849641.html,28.990.000 ₫,,,,Hà Nội,,32.700 ₫,30 Ngày Trả Hàng Miễn Phí,Không đủ thông tin,Không đủ thông tin,Không đủ thông tin,['0'],['0'],['0'],['0'],['0']
dien thoai,Điện thoại Samsung Galaxy S23 Ultra - Mầu độc Quyền - 1TB｜12GB ; 512GB｜12GB ; 256GB｜8GB,https://www.lazada.vn/products/dien-thoai-samsung-galaxy-ultra-mau-doc-quyen-1tb12gb-512gb12gb-256gb8gb-i2538949440.html,28.791.000 ₫,10% Off,,,Hà Nội,31.990.000 ₫,,30 Ngày Trả Hàng Miễn Phí,94%,Không đủ thông tin,83%,['0'],['0'],['0'],['0'],['0']
dien thoai,Điện thoại Samsung Galaxy S24 Ultra 12GB/256GB - Độc Quyền Online,https://www.lazada.vn/products/dien-thoai-samsung-galaxy-ultra-12gb256gb-doc-quyen-online-i2534421716.html,28.090.000 ₫,17% Off,13 Đã bán,,Hồ Chí Minh,33.990.000 ₫,,30 Ngày Trả Hàng Miễn Phí,91%,Không đủ thông tin,100%,['0'],['0'],['0'],['0'],['0']
dien thoai,Điện thoại Samsung Galaxy S22 Ultra 512GB 256GB và 128GB,https://www.lazada.vn/products/dien-thoai-samsung-galaxy-ultra-512gb-256gb-va-128gb-i2538970262.html,27.891.000 ₫,10% Off,,,Hà Nội,32.990.000 ₫,,30 Ngày Trả Hàng Miễn Phí,94%,Không đủ thông tin,83%,['0'],['0'],['0'],['0'],['0']
dien thoai,[Galaxy S24 Ultra] Điện thoại thông minh Samsung Galaxy S24 Ultra,https://www.lazada.vn/products/galaxy-ultra-dien-thoai-thong-minh-samsung-galaxy-ultra-i1958921554.html,27.490.000 ₫,11% Off,7 Đã bán,(5),Hà Nội,33.990.000 ₫,51.500 ₫,,94%,96%,100%,['0'],['0'],['0'],['0'],['5']
dien thoai,"Điện thoại Galaxy S24 Ultra 5G (128/256/512GB), Chip Snapdragon 8 Gen 3, đủ màu, BH trọn gói 12 tháng",https://www.lazada.vn/products/dien-thoai-galaxy-ultra-5g-128256512gb-chip-snapdragon-8-gen-3-du-mau-bh-tron-goi-12-thang-i2578993721.html,27.399.000 ₫,,,,Hà Nội,,32.700 ₫,,97%,Không đủ thông tin,Không đủ thông tin,['0'],['0'],['0'],['0'],['0']
dien thoai,Điện thoại Samsung Galaxy S24 Ultra 5G 512GB - Chính Hãng,https://www.lazada.vn/products/dien-thoai-samsung-galaxy-ultra-5g-512gb-chinh-hang-i2571112551.html,26.590.000 ₫,22% Off,,(1),Hồ Chí Minh,33.999.000 ₫,7.300 ₫,,97%,Không đủ thông tin,50%,['0'],['0'],['0'],['0'],['1']
dien thoai,"Điện Thoại Gập Google Pixel Fold, Chip Tensor G2, Ram 12/256/512GB, Màn Hình 5.8/7.6 inch, SonPixel.",https://www.lazada.vn/products/dien-thoai-gap-google-pixel-fold-chip-tensor-g2-ram-12256512gb-man-hinh-5876-inch-sonpixel-i2431815430.html,25.390.000 ₫,41% Off,,,Hà Nội,43.000.000 ₫,38.000 ₫,,91%,95%,100%,['0'],['0'],['0'],['0'],['0']
dien thoai,Điện thoại Samsung Galaxy S24 Ultra 12GB-256GB,https://www.lazada.vn/products/dien-thoai-samsung-galaxy-ultra-12gb-256gb-i2580519746.html,24.898.000 ₫,27% Off,7 Đã bán,,Hồ Chí Minh,33.990.000 ₫,18.300 ₫,30 Ngày Trả Hàng Miễn Phí,99%,99%,98%,['0'],['0'],['0'],['0'],['0']
dien thoai,Điện Thoại Samsung Galaxy S23 Ultra | 256GB - 512GB - 1TB,https://www.lazada.vn/products/dien-thoai-samsung-galaxy-ultra-256gb-512gb-1tb-i2539000069.html,24.880.000 ₫,22% Off,,,Hà Nội,31.990.000 ₫,,30 Ngày Trả Hàng Miễn Phí,94%,Không đủ thông tin,83%,['0'],['0'],['0'],['0'],['0']
dien thoai,Điện Thoại Samsung Galaxy S23+ (S23 Plus),https://www.lazada.vn/products/dien-thoai-samsung-galaxy-plus-i2538947515.html,24.290.100 ₫,10% Off,,,Hà Nội,29.990.000 ₫,,30 Ngày Trả Hàng Miễn Phí,94%,Không đủ thông tin,83%,['0'],['0'],['0'],['0'],['0']
dien thoai,Điện thoại Samsung Galaxy S24 Plus - Hàng Chính Hãng 100%,https://www.lazada.vn/products/dien-thoai-samsung-galaxy-plus-hang-chinh-hang-100-i2575858874.html,24.190.000 ₫,21% Off,,,Hà Nội,26.990.000 ₫,,30 Ngày Trả Hàng Miễn Phí,94%,Không đủ thông tin,83%,['0'],['0'],['0'],['0'],['0']
dien thoai,Điện thoại Samsung Galaxy S24 Ultra 5G 12GB/256GB Chính Hãng - Bảo hành độc quyền tại Di Động Việt 02 năm,https://www.lazada.vn/products/dien-thoai-samsung-galaxy-ultra-5g-12gb256gb-chinh-hang-bao-hanh-doc-quyen-tai-di-dong-viet-02-nam-i2623338718.html,24.140.000 ₫,29% Off,,,Hồ Chí Minh,33.990.000 ₫,16.500 ₫,30 Ngày Trả Hàng Miễn Phí,98%,83%,100%,['0'],['0'],['0'],['0'],['0']
dien thoai,Điện thoại Samsung Galaxy S24 Plus - Độc quyền Online,https://www.lazada.vn/products/dien-thoai-samsung-galaxy-plus-doc-quyen-online-i2575875845.html,23.600.000 ₫,13% Off,,,Hà Nội,30.490.000 ₫,,30 Ngày Trả Hàng Miễn Phí,94%,Không đủ thông tin,83%,['0'],['0'],['0'],['0'],['0']
dien thoai,"Điện thoại Samsung Galaxy S24 Ultra 5G (12GB/256GB) Nguyên seal, chính hãng, MỚI 100%, Màn hình:Dynamic AMOLED 2X 6.8"" Quad HD+ (2K+), Camera sau: Chính 200 MP & Phụ 50 MP, 12 MP, 10 MP,Camera trước: 12 MP, Chip:Snapdragon 8 Gen 3 for Galaxy, Pin:5000 mAh",https://www.lazada.vn/products/dien-thoai-samsung-galaxy-ultra-5g-12gb256gb-nguyen-seal-chinh-hang-moi-100-man-hinhdynamic-amoled-2x-68-quad-hd-2k-camera-sau-chinh-200-mp-phu-50-mp-12-mp-10-mpcamera-truoc-12-mp-chipsnapdragon-8-gen-3-for-galaxy-pin5000-mah-i2555926099.html,23.290.000 ₫,31% Off,7 Đã bán,(3),Hồ Chí Minh,44.490.000 ₫,Miễn phí,,98%,100%,88%,['0'],['0'],['0'],['1'],['2']
dien thoai,Điện thoại Xiaomi 14 (12GB/256GB) - Chính hãng,https://www.lazada.vn/products/dien-thoai-xiaomi-14-12gb256gb-chinh-hang-i2595530790.html,22.990.000 ₫,,,,Hà Nội,,38.000 ₫,,98%,100%,92%,['0'],['0'],['0'],['0'],['0']
dien thoai,Điện thoại OPPO FIND N3 FLIP (12GB/256GB) - Hàng chính hãng,https://www.lazada.vn/products/dien-thoai-oppo-find-n3-flip-12gb256gb-hang-chinh-hang-i2455443122.html,22.990.000 ₫,,5 Đã bán,,Hồ Chí Minh,,19.600 ₫,30 Ngày Trả Hàng Miễn Phí,99%,100%,85%,['0'],['0'],['0'],['0'],['0']
dien thoai,Điện Thoại Samsung Galaxy Z Fold 4 5G - Hàng Chính Hãng Samsung VN,https://www.lazada.vn/products/dien-thoai-samsung-galaxy-z-fold-4-5g-hang-chinh-hang-samsung-vn-i2023958183.html,22.990.000 ₫,45% Off,9 Đã bán,(1),Đà Nẵng,41.990.000 ₫,32.700 ₫,,94%,100%,100%,['0'],['0'],['0'],['0'],['1']
dien thoai,(MEGA 6.6 SALE LỚN NHẤT NĂM) Điện Thoại Sony Xperia 5 V – Điện thoại mới. Bản sắc mới,https://www.lazada.vn/products/mega-66-sale-lon-nhat-nam-dien-thoai-sony-xperia-5-v-dien-thoai-moi-ban-sac-moi-i1605350466.html,22.990.000 ₫,18% Off,16 Đã bán,(3),Bình Dương,27.990.000 ₫,,30 Ngày Trả Hàng Miễn Phí,98%,Không đủ thông tin,98%,['0'],['0'],['0'],['0'],['6']
dien thoai,Điện thoại Samsung Galaxy S23 Ultra - Hàng chính hãng,https://www.lazada.vn/products/dien-thoai-samsung-galaxy-ultra-hang-chinh-hang-i2231942975.html,21.490.000 ₫,35% Off,8 Đã bán,(2),Hà Nội,32.990.000 ₫,51.500 ₫,,94%,96%,100%,['0'],['0'],['0'],['0'],['2']
dien thoai,"[MỞ BÁN] Điện thoại Xiaomi 14 5G 256GB - Mới 100%, Nguyên seal - Hàng Chính Hãng",https://www.lazada.vn/products/mo-ban-dien-thoai-xiaomi-14-5g-256gb-moi-100-nguyen-seal-hang-chinh-hang-i2618895780.html,21.390.000 ₫,7% Off,,,Hồ Chí Minh,22.900.000 ₫,18.300 ₫,30 Ngày Trả Hàng Miễn Phí,99%,99%,98%,['0'],['0'],['0'],['0'],['0']
dien thoai,Điện thoại Samsung Galaxy S23 Ultra (8GB/256GB) - Hàng Chính Hãng,https://www.lazada.vn/products/dien-thoai-samsung-galaxy-ultra-8gb256gb-hang-chinh-hang-i1560432848.html,21.290.000 ₫,31% Off,36 Đã bán,(3),Hồ Chí Minh,30.990.000 ₫,16.500 ₫,,97%,Không đủ thông tin,Không đủ thông tin,['0'],['0'],['1'],['0'],['3']
dien thoai,"[GIÁ SỐC CHỈ 6.6 - VOUCHER 5TR] Điện thoại Samsung Galaxy S24 - Điện thoại AI -Camera 50MP - Màn hình 6.2"" Dynamic AMOLED 2X FHD+",https://www.lazada.vn/products/gia-soc-chi-66-voucher-5tr-dien-thoai-samsung-galaxy-dien-thoai-ai-camera-50mp-man-hinh-62-dynamic-amoled-2x-fhd-i2533183500.html,20.989.000 ₫,9% Off,120 Đã bán,(30),Bắc Ninh,22.990.000 ₫,16.500 ₫,30 Ngày Trả Hàng Miễn Phí,91%,99%,100%,['1'],['1'],['4'],['1'],['23']
dien thoai,"Điện thoại Samsung Galaxy S24 Plus - Hàng Chính Hãng, Mới 100%, Nguyên seal",https://www.lazada.vn/products/dien-thoai-samsung-galaxy-plus-hang-chinh-hang-moi-100-nguyen-seal-i2618612364.html,20.890.000 ₫,23% Off,,,Hồ Chí Minh,26.990.000 ₫,18.300 ₫,30 Ngày Trả Hàng Miễn Phí,99%,99%,98%,['0'],['0'],['0'],['0'],['0']
dien thoai,"Điện thoại Samsung Galaxy S24 AI Camera 50MP, Màn hình 6.2"" Dynamic AMOLED 2X FHD+",https://www.lazada.vn/products/dien-thoai-samsung-galaxy-ai-camera-50mp-man-hinh-62-dynamic-amoled-2x-fhd-i2575894849.html,20.610.000 ₫,10% Off,,,Hà Nội,22.990.000 ₫,,30 Ngày Trả Hàng Miễn Phí,94%,Không đủ thông tin,83%,['0'],['0'],['0'],['0'],['0']
dien thoai,Điện thoại Samsung Galaxy S24 8GB/256GB - Độc quyền Online,https://www.lazada.vn/products/dien-thoai-samsung-galaxy-8gb256gb-doc-quyen-online-i2534436616.html,20.090.000 ₫,13% Off,,(1),Hồ Chí Minh,22.990.000 ₫,,30 Ngày Trả Hàng Miễn Phí,91%,Không đủ thông tin,100%,['0'],['0'],['0'],['0'],['1']
dien thoai,"Điện thoại máy chiếu 8849 Tank 3 Pro(máy chiếu 100 lumens,chống nước,chống va đập, 120Hz, RAM 32GB/36GB, ROM 512GB,Pin 23800mAh, sạc nhanh 120W, camera 5G,camera 200MP)",https://www.lazada.vn/products/dien-thoai-may-chieu-8849-tank-3-promay-chieu-100-lumenschong-nuocchong-va-dap-120hz-ram-32gb36gb-rom-512gbpin-23800mah-sac-nhanh-120w-camera-5gcamera-200mp-i2612291725.html,19.995.000 ₫,9% Off,,,Hồ Chí Minh,21.990.000 ₫,Miễn phí,,97%,100%,33%,['0'],['0'],['0'],['0'],['0']
dien thoai,Điện thoại Samsung Galaxy S24 Plus 5G 12GB/256GB Chính Hãng - Bảo hành độc quyền tại Di Động Việt 02 năm,https://www.lazada.vn/products/dien-thoai-samsung-galaxy-plus-5g-12gb256gb-chinh-hang-bao-hanh-doc-quyen-tai-di-dong-viet-02-nam-i2623388929.html,19.990.000 ₫,26% Off,,,Hồ Chí Minh,26.990.000 ₫,16.500 ₫,30 Ngày Trả Hàng Miễn Phí,98%,83%,100%,['0'],['0'],['0'],['0'],['0']
dien thoai,"Điện thoại 8849 Tank 3 Pro(máy chiếu 100 lumens, 120Hz, RAM 32GB/36GB, ROM 512GB,Pin 23800mAh, sạc nhanh 120W, camera 5G,camera 200MP)",https://www.lazada.vn/products/dien-thoai-8849-tank-3-promay-chieu-100-lumens-120hz-ram-32gb36gb-rom-512gbpin-23800mah-sac-nhanh-120w-camera-5gcamera-200mp-i2609777846.html,19.990.000 ₫,5% Off,,,Hồ Chí Minh,20.990.000 ₫,19.600 ₫,,85%,Không đủ thông tin,100%,['0'],['0'],['0'],['0'],['0']
dien thoai,"Điện thoại Unihertz Tank 3 Pro (máy chiếu 100 lumens, 120Hz, RAM 32GB/36GB, ROM 512GB,Pin 23800mAh, sạc nhanh 120W, camera 5G,camera 200MP)",https://www.lazada.vn/products/dien-thoai-unihertz-tank-3-pro-may-chieu-100-lumens-120hz-ram-32gb36gb-rom-512gbpin-23800mah-sac-nhanh-120w-camera-5gcamera-200mp-i2627541965.html,19.890.000 ₫,1% Off,,,Hồ Chí Minh,19.990.000 ₫,Miễn phí,,97%,100%,33%,['0'],['0'],['0'],['0'],['0']
dien thoai,"Điện thoại máy chiếu Unihertz Tank 3 Pro (máy chiếu 100 lumens,chống nước,chống va đập, 120Hz, RAM 32GB/36GB, ROM 512GB,Pin 23800mAh, sạc nhanh 120W, camera 5G,camera 200MP)",https://www.lazada.vn/products/dien-thoai-may-chieu-unihertz-tank-3-pro-may-chieu-100-lumenschong-nuocchong-va-dap-120hz-ram-32gb36gb-rom-512gbpin-23800mah-sac-nhanh-120w-camera-5gcamera-200mp-i2624470355.html,19.890.000 ₫,,,,Hồ Chí Minh,19.900.000 ₫,19.600 ₫,,85%,Không đủ thông tin,100%,['0'],['0'],['0'],['0'],['0']
dien thoai,Điện thoại thông minh Xiaomi 14 (12+256GB),https://www.lazada.vn/products/dien-thoai-thong-minh-xiaomi-14-12256gb-i2581617853.html,19.640.000 ₫,15% Off,10 Đã bán,(4),Hồ Chí Minh,22.990.000 ₫,18.300 ₫,30 Ngày Trả Hàng Miễn Phí,99%,99%,98%,['0'],['0'],['0'],['0'],['4']
dien thoai,"Điện thoại XIAOMI 14 5G Ram 12GB | 256GB - Màn hình 6.36"" 120Hz | Chip Snapdragon 8 Gen 3 - Bảo hành 18 tháng",https://www.lazada.vn/products/dien-thoai-xiaomi-14-5g-ram-12gb-256gb-man-hinh-636-120hz-chip-snapdragon-8-gen-3-bao-hanh-18-thang-i2640573709.html,19.190.000 ₫,17% Off,,,Hồ Chí Minh,23.000.000 ₫,16.500 ₫,30 Ngày Trả Hàng Miễn Phí,98%,83%,100%,['0'],['0'],['0'],['0'],['1']
dien thoai,"Điện thoại OPPO Find N3 Flip 5G 12GB/256GB Hàng Chính Hãng, Mới 100%",https://www.lazada.vn/products/dien-thoai-oppo-find-n3-flip-5g-12gb256gb-hang-chinh-hang-moi-100-i2598495275.html,19.140.000 ₫,17% Off,,,Hồ Chí Minh,22.990.000 ₫,16.500 ₫,,100%,99%,100%,['0'],['0'],['0'],['0'],['0']
dien thoai,Điện thoại Xiaomi 14 5G (12GB/256GB) - Chính hãng,https://www.lazada.vn/products/dien-thoai-xiaomi-14-5g-12gb256gb-chinh-hang-i2621150440.html,18.990.000 ₫,17% Off,,,Đà Nẵng,22.990.000 ₫,38.000 ₫,,97%,81%,80%,['0'],['0'],['0'],['0'],['0']
dien thoai,Điện thoại Xiaomi 14 12GB/256GB - Hàng Chính Hãng - Bảo Hành 24 Tháng,https://www.lazada.vn/products/dien-thoai-xiaomi-14-12gb256gb-hang-chinh-hang-bao-hanh-24-thang-i2611356063.html,18.990.000 ₫,17% Off,,,Đà Nẵng,22.990.000 ₫,38.000 ₫,,96%,25%,100%,['0'],['0'],['0'],['0'],['0']
dien thoai,Điện thoại OPPO Find X5 Pro - Hàng chính hãng,https://www.lazada.vn/products/dien-thoai-oppo-find-x5-pro-hang-chinh-hang-i2211957670.html,18.990.000 ₫,42% Off,8 Đã bán,(3),Hồ Chí Minh,32.990.000 ₫,18.300 ₫,30 Ngày Trả Hàng Miễn Phí,99%,100%,85%,['0'],['0'],['0'],['0'],['2']
dien thoai,Điện thoại Galaxy S23 Ultra 5G (mới 99% nobox - 12GB/256GB) Hàn 2 sim - BH lỗi 1 đổi 1 (ai cần màu gì nhắn shop),https://www.lazada.vn/products/dien-thoai-galaxy-ultra-5g-moi-99-nobox-12gb256gb-han-2-sim-bh-loi-1-doi-1-ai-can-mau-gi-nhan-shop-i2587805343.html,18.866.000 ₫,9% Off,,,Hà Nội,21.299.000 ₫,32.700 ₫,,97%,Không đủ thông tin,Không đủ thông tin,['0'],['0'],['0'],['0'],['0']
dien thoai,Điện thoại Samsung Galaxy S23 Ultra 5G Quốc tế / New Seal Fullbox ( Snapdragon 8 Gen2/ 256GB/512 )- tại Bmobile,https://www.lazada.vn/products/dien-thoai-samsung-galaxy-ultra-5g-quoc-te-new-seal-fullbox-snapdragon-8-gen2-256gb512-tai-bmobile-i2538590202.html,18.599.000 ₫,11% Off,,,Hà Nội,23.990.000 ₫,13.700 ₫,,100%,100%,100%,['0'],['0'],['0'],['0'],['0']
dien thoai,Điện thoại Samsung Galaxy S23 Ultra 12GB bộ nhớ khủng 1TB chính hãng SSVN bảo hành 1 đổi 1 trong 12,https://www.lazada.vn/products/dien-thoai-samsung-galaxy-ultra-12gb-bo-nho-khung-1tb-chinh-hang-ssvn-bao-hanh-1-doi-1-trong-12-i2640580451.html,17.990.000 ₫,,,,Hồ Chí Minh,,16.500 ₫,,Không đủ thông tin,Không đủ thông tin,66%,['0'],['0'],['0'],['0'],['0']
dien thoai,Điện Thoại Samsung S23 Plus (8GB/256GB) Hàng Chính Hãng Bảo Hành 12 Tháng Toàn Quốc,https://www.lazada.vn/products/dien-thoai-samsung-plus-8gb256gb-hang-chinh-hang-bao-hanh-12-thang-toan-quoc-i2211049293.html,17.990.000 ₫,,,,Bến Tre,,28.700 ₫,30 Ngày Trả Hàng Miễn Phí,83%,Không đủ thông tin,Không đủ thông tin,['0'],['0'],['0'],['0'],['0']
dien thoai,Điện thoại Samsung Galaxy S24 5G 8GB/256GB Chính Hãng - Bảo hành độc quyền tại Di Động Việt 02 năm,https://www.lazada.vn/products/dien-thoai-samsung-galaxy-5g-8gb256gb-chinh-hang-bao-hanh-doc-quyen-tai-di-dong-viet-02-nam-i2631734935.html,17.950.000 ₫,22% Off,,,Hồ Chí Minh,22.990.000 ₫,16.500 ₫,30 Ngày Trả Hàng Miễn Phí,98%,83%,100%,['0'],['0'],['0'],['0'],['0']
dien thoai,Điện thoại Black shark 3 trắng . Đẹp keng . 2sim.,https://www.lazada.vn/products/dien-thoai-black-shark-3-trang-dep-keng-2sim-i1703888692.html,17.800.000 ₫,,45 Đã bán,(5),Hồ Chí Minh,,Miễn phí,,100%,Không đủ thông tin,Không đủ thông tin,['0'],['0'],['0'],['0'],['5']
dien thoai,Điện thoại Samsung Z Fold 4 5G (12GB/512GB) - Hàng 99%,https://www.lazada.vn/products/dien-thoai-samsung-z-fold-4-5g-12gb512gb-hang-99-i2640618378.html,17.499.000 ₫,,,,Hồ Chí Minh,,16.500 ₫,,Không đủ thông tin,Không đủ thông tin,66%,['0'],['0'],['0'],['0'],['0']
dien thoai,"Điện thoại Samsung Galaxy S24+ 5G (12GB/256GB) Nguyên seal, chính hãng,MỚI 100%,Màn hình: Dynamic AMOLED 2X 6.7"" Quad HD+ (2K+), Camera sau: Chính 50 MP & Phụ 12 MP, 10 MP, Camera trước: 12 MP Chip: Exynos 2400 8 nhân, SIM:1 Nano SIM & 1 eSIM,Pin: 4000mAh",https://www.lazada.vn/products/dien-thoai-samsung-galaxy-5g-12gb256gb-nguyen-seal-chinh-hangmoi-100man-hinhdynamic-amoled-2x-67-quad-hd-2k-camera-sau-chinh-50-mp-phu-12-mp-10-mp-camera-truoc-12-mp-chip-exynos-2400-8-nhan-sim1-nano-sim-1-esimpin-4000mah-i2556506948.html,17.290.000 ₫,36% Off,,,Hồ Chí Minh,26.990.000 ₫,Miễn phí,,98%,100%,88%,['0'],['0'],['0'],['0'],['0']
dien thoai,Điện Thoại Samsung Galaxy S23,https://www.lazada.vn/products/dien-thoai-samsung-galaxy-i2538970259.html,17.020.000 ₫,26% Off,,(1),Hà Nội,22.990.000 ₫,,30 Ngày Trả Hàng Miễn Phí,94%,Không đủ thông tin,83%,['0'],['0'],['0'],['0'],['1']
dien thoai,Điện Thoại Samsung Galaxy S23 | 256GB và 128GB,https://www.lazada.vn/products/dien-thoai-samsung-galaxy-256gb-va-128gb-i2186549179.html,17.020.000 ₫,26% Off,10 Đã bán,(2),Hà Nội,24.989.800 ₫,,30 Ngày Trả Hàng Miễn Phí,92%,Không đủ thông tin,33%,['0'],['0'],['0'],['0'],['2']
dien thoai,Điện thoại OPPO Find N2 Flip - Hàng chính hãng,https://www.lazada.vn/products/dien-thoai-oppo-find-n2-flip-hang-chinh-hang-i2223306984.html,16.990.000 ₫,15% Off,13 Đã bán,(5),Hồ Chí Minh,19.990.000 ₫,18.300 ₫,30 Ngày Trả Hàng Miễn Phí,99%,100%,85%,['0'],['0'],['0'],['0'],['5']
dien thoai,Điện thoại Samsung Galaxy S23 Plus 5G 256GB,https://www.lazada.vn/products/dien-thoai-samsung-galaxy-plus-5g-256gb-i2182820235.html,16.990.000 ₫,35% Off,11 Đã bán,(1),Hồ Chí Minh,25.990.000 ₫,16.500 ₫,,97%,Không đủ thông tin,Không đủ thông tin,['0'],['0'],['0'],['0'],['1']
dien thoai,"Điện Thoại Samsung Galaxy S23 Plus 5G 2 sim Mỹ chính hãng Snapdragon 8 Gen 2 Bảo hành 12 tháng , Tặng kèm sạc nhanh 25w tại Playmobile",https://www.lazada.vn/products/dien-thoai-samsung-galaxy-plus-5g-2-sim-my-chinh-hang-snapdragon-8-gen-2-bao-hanh-12-thang-tang-kem-sac-nhanh-25w-tai-playmobile-i2423533521.html,16.490.000 ₫,,,(1),Hà Nội,,13.700 ₫,,95%,100%,100%,['0'],['0'],['0'],['0'],['1']
dien thoai,"Điện Thoại Google Pixel 8 Pro, Chip Tensor G3 Với AI Camera Siêu Đỉnh, Ram 12/128/256/512GB/1T, SonPixel.",https://www.lazada.vn/products/dien-thoai-google-pixel-8-pro-chip-tensor-g3-voi-ai-camera-sieu-dinh-ram-12128256512gb1t-sonpixel-i2431492833.html,15.890.000 ₫,38% Off,7 Đã bán,(1),Hà Nội,32.900.000 ₫,38.000 ₫,,91%,95%,100%,['0'],['0'],['0'],['0'],['1']
dien thoai,"Điện thoại Samsung Galaxy S24 - Hàng Chính Hãng, Mới 100%, Nguyên seal",https://www.lazada.vn/products/dien-thoai-samsung-galaxy-hang-chinh-hang-moi-100-nguyen-seal-i2580640967.html,15.580.000 ₫,32% Off,,,Hồ Chí Minh,22.900.000 ₫,18.300 ₫,30 Ngày Trả Hàng Miễn Phí,99%,99%,98%,['0'],['0'],['0'],['0'],['0']
dien thoai,"Điện thoại Samsung Galaxy Z Flip 5 5G - Hàng Chính Hãng, MỚI 100%, Nguyên Seal",https://www.lazada.vn/products/dien-thoai-samsung-galaxy-z-flip-5-5g-hang-chinh-hang-moi-100-nguyen-seal-i2396598318.html,15.490.000 ₫,40% Off,,,Đà Nẵng,29.990.000 ₫,38.000 ₫,,97%,81%,80%,['0'],['0'],['0'],['0'],['0']
dien thoai,"Điện thoại Samsung Galaxy S24 5G (8GB/256GB) Nguyên seal, chính hãng, MỚI 100%, Màn hình:Dynamic AMOLED 2X 6.2"" Full HD+,Camera sau:Chính 50 MP & Phụ 12 MP, 10 MP,Camera trước:12 MP, Chip:Exynos 2400 8 nhân,SIM:1 Nano SIM & 1 eSIM, Pin, Sạc: 4000mAh-25W",https://www.lazada.vn/products/dien-thoai-samsung-galaxy-5g-8gb256gb-nguyen-seal-chinh-hang-moi-100-man-hinhdynamic-amoled-2x-62-full-hdcamera-sauchinh-50-mp-phu-12-mp-10-mpcamera-truoc12-mp-chipexynos-2400-8-nhansim1-nano-sim-1-esim-pin-sac-4000mah-25w-i2555922015.html,15.390.000 ₫,33% Off,,,Hồ Chí Minh,22.990.000 ₫,Miễn phí,,98%,100%,88%,['0'],['0'],['0'],['0'],['0']
dien thoai,[ ĐIỆN THOẠI ] MOTOROLA MOTO RAZR 40 ULTRA 2023 ( Snapdragon 8+ Gen 1 ),https://www.lazada.vn/products/dien-thoai-motorola-moto-razr-40-ultra-2023-snapdragon-8-gen-1-i2607611518.html,14.500.000 ₫,,,,Hồ Chí Minh,,16.500 ₫,,Nhà bán hàng mới,66%,100%,['0'],['0'],['0'],['0'],['0']
dien thoai,Điện Thoại Samsung Galaxy Note 20 Ultra 5G chip Snapdragon 865 ram 12GB/128+256GB Màn 120HZ || Zin đẹp,https://www.lazada.vn/products/dien-thoai-samsung-galaxy-note-20-ultra-5g-chip-snapdragon-865-ram-12gb128256gb-man-120hz-zin-dep-i2301141327.html,14.500.000 ₫,,5 Đã bán,,Hà Nội,,Miễn phí,,Không đủ thông tin,Không đủ thông tin,Không đủ thông tin,['0'],['0'],['0'],['0'],['0']
dien thoai,Điện Thoại Samsung Galaxy S23 - Hàng Chính Hãng Mới 100% New Seal,https://www.lazada.vn/products/dien-thoai-samsung-galaxy-hang-chinh-hang-moi-100-new-seal-i2177707148.html,14.390.000 ₫,37% Off,9 Đã bán,,Hà Nội,22.990.000 ₫,Miễn phí,,97%,50%,50%,['0'],['0'],['0'],['0'],['0']
dien thoai,Điện Thoại Samsung Galaxy S22 Ultra 5G Mỹ 2 sim Chính Hãng | Snapdragon 8 Gen 1 Tại Playmobile,https://www.lazada.vn/products/dien-thoai-samsung-galaxy-ultra-5g-my-2-sim-chinh-hang-snapdragon-8-gen-1-tai-playmobile-i2092505132.html,14.122.403 ₫,9% Off,69 Đã bán,(18),Hà Nội,17.990.000 ₫,13.700 ₫,,95%,100%,100%,['0'],['1'],['0'],['0'],['17']
dien thoai,Điện thoại Samsung Galaxy S23 5G 8G 128GB Bảo Hành 12 Tháng,https://www.lazada.vn/products/dien-thoai-samsung-galaxy-5g-8g-128gb-bao-hanh-12-thang-i2584320382.html,13.990.000 ₫,,,,Bến Tre,,28.700 ₫,30 Ngày Trả Hàng Miễn Phí,83%,Không đủ thông tin,Không đủ thông tin,['0'],['0'],['0'],['0'],['0']
dien thoai,Điện Thoại OPPO RENO8 Pro (12GB/256GB) - Hàng Chính Hãng,https://www.lazada.vn/products/dien-thoai-oppo-reno8-pro-12gb256gb-hang-chinh-hang-i2041200961.html,13.990.000 ₫,26% Off,32 Đã bán,(2),Hồ Chí Minh,18.990.000 ₫,18.300 ₫,30 Ngày Trả Hàng Miễn Phí,99%,100%,85%,['0'],['0'],['0'],['0'],['2']
dien thoai,Điện thoại Samsung Galaxy S23 5G (8/256G) - Chính Hãng - New 100% - Nguyên seal,https://www.lazada.vn/products/dien-thoai-samsung-galaxy-5g-8256g-chinh-hang-new-100-nguyen-seal-i2185281835.html,13.878.080 ₫,37% Off,7 Đã bán,,Hồ Chí Minh,,,,,,,['0'],['0'],['0'],['0'],['0']
dien thoai,[ ĐIỆN THOẠI ] XIAOMI 13 ULTRA 5G ( Snapdragon 8 Gen 2 ),https://www.lazada.vn/products/dien-thoai-xiaomi-13-ultra-5g-snapdragon-8-gen-2-i2602550424.html,13.500.000 ₫,,,,Hồ Chí Minh,,16.500 ₫,,Nhà bán hàng mới,66%,100%,['0'],['0'],['0'],['0'],['0']
dien thoai,Điện thoại 12 pro max,https://www.lazada.vn/products/dien-thoai-12-pro-max-i2483162100.html,13.400.000 ₫,,,,Nam Định,,37.700 ₫,,87%,80%,100%,['0'],['0'],['0'],['0'],['0']
dien thoai,[ ĐIỆN THOẠI ] SAMSUNG GALAXY S22 ULTRA 5G ( Snapdragon 8 Gen 1 ),https://www.lazada.vn/products/dien-thoai-samsung-galaxy-ultra-5g-snapdragon-8-gen-1-i2603629355.html,13.200.000 ₫,,,,Hồ Chí Minh,,16.500 ₫,,Nhà bán hàng mới,66%,100%,['0'],['0'],['0'],['0'],['0']
dien thoai,"Điện Thoại Google Pixel 8 Pro Lock, Chip Tensor G3 Với AI Camera Siêu Đỉnh, Ram 12/128/256/512GB/1T, SonPixel.",https://www.lazada.vn/products/dien-thoai-google-pixel-8-pro-lock-chip-tensor-g3-voi-ai-camera-sieu-dinh-ram-12128256512gb1t-sonpixel-i2553952348.html,13.190.000 ₫,31% Off,,,Hà Nội,24.550.000 ₫,38.000 ₫,,91%,95%,100%,['0'],['0'],['0'],['0'],['0']
dien thoai,Điện thoại Samsung Galaxy S24 Ultra 5G - Hàng Chính Hãng - Nguyên Seal - Mới 100%,https://www.lazada.vn/products/dien-thoai-samsung-galaxy-ultra-5g-hang-chinh-hang-nguyen-seal-moi-100-i1950720247.html,24.188.000 ₫,29% Off,11 Đã bán,(1),Đà Nẵng,33.990.000 ₫,38.000 ₫,,97%,81%,80%,['0'],['0'],['0'],['0'],['2']
dien thoai,Điện thoại Samsung Galaxy S22 Ultra 5G - Hàng Chính Hãng,https://www.lazada.vn/products/dien-thoai-samsung-galaxy-ultra-5g-hang-chinh-hang-i1749278855.html,16.990.000 ₫,45% Off,31 Đã bán,(12),Hồ Chí Minh,33.990.000 ₫,16.500 ₫,,97%,Không đủ thông tin,Không đủ thông tin,['0'],['0'],['0'],['2'],['10']
dien thoai,"Điện Thoại Xiaomi 13T Pro 5G Màn hình AMOLED 6.67"" 1.5K , Chip MediaTek Dimensity 9200+ - Hàng Chính Hãng",https://www.lazada.vn/products/dien-thoai-xiaomi-13t-pro-5g-man-hinh-amoled-667-15k-chip-mediatek-dimensity-9200-hang-chinh-hang-i2431687556.html,14.990.000 ₫,,,(1),Hồ Chí Minh,,Miễn phí,,100%,Không đủ thông tin,100%,['0'],['0'],['0'],['0'],['1']
dien thoai,Điện thoại Samsung Galaxy S23 FE 256G - Độc quyền online,https://www.lazada.vn/products/dien-thoai-samsung-galaxy-fe-256g-doc-quyen-online-i2436838652.html,12.998.500 ₫,23% Off,16 Đã bán,(2),Hồ Chí Minh,16.890.500 ₫,,30 Ngày Trả Hàng Miễn Phí,91%,Không đủ thông tin,100%,['0'],['0'],['0'],['1'],['2']
dien thoai,Điện thoại Samsung Galaxy S22 Ultra (12GB - 256/512GB) - Độc quyền SSVN tặng kèm sạc - Bảo hành 1 đổ,https://www.lazada.vn/products/dien-thoai-samsung-galaxy-ultra-12gb-256512gb-doc-quyen-ssvn-tang-kem-sac-bao-hanh-1-do-i2640665370.html,12.990.000 ₫,24% Off,,,Hồ Chí Minh,16.990.000 ₫,16.500 ₫,,Không đủ thông tin,Không đủ thông tin,66%,['0'],['0'],['0'],['0'],['0']
dien thoai,Điện thoại Samsung Galaxy S23 FE 5G - Chính hãng,https://www.lazada.vn/products/dien-thoai-samsung-galaxy-fe-5g-chinh-hang-i2602793722.html,12.940.000 ₫,13% Off,,,Hà Nội,16.890.000 ₫,38.000 ₫,,98%,100%,92%,['0'],['0'],['0'],['0'],['0']
dien thoai,Điện Thoại Samsung Galaxy S23 5G 2 sim Bản Mỹ Chính hãng | Snapdragon 8 gen2 8/128GB Kèm sạc 25w Playmobile,https://www.lazada.vn/products/dien-thoai-samsung-galaxy-5g-2-sim-ban-my-chinh-hang-snapdragon-8-gen2-8128gb-kem-sac-25w-playmobile-i2500881528.html,12.890.000 ₫,,,,Hà Nội,,13.700 ₫,,95%,100%,100%,['0'],['0'],['0'],['0'],['0']
dien thoai,Điện thoại Xiaomi Redmi K60 Ultra Dimensity 9200+ sạc nhanh 120W,https://www.lazada.vn/products/dien-thoai-xiaomi-redmi-k60-ultra-dimensity-9200-sac-nhanh-120w-i2556432689.html,12.389.000 ₫,,,,Nam Định,,43.900 ₫,,Không đủ thông tin,Không đủ thông tin,100%,['0'],['0'],['0'],['0'],['0']
dien thoai,"Điện Thoại Google Pixel 8, Ram 8/128/256GB, Chip Tensor G3 Với AI Camera Siêu Đỉnh, SonPixel.",https://www.lazada.vn/products/dien-thoai-google-pixel-8-ram-8128256gb-chip-tensor-g3-voi-ai-camera-sieu-dinh-sonpixel-i2431624470.html,12.290.000 ₫,36% Off,,(1),Hà Nội,19.200.000 ₫,38.000 ₫,,91%,95%,100%,['0'],['0'],['0'],['0'],['1']
dien thoai,Điện thoại Samsung Galaxy S23 FE (2023) - 128GB | 8GB ; 256GB | 8GB,https://www.lazada.vn/products/dien-thoai-samsung-galaxy-fe-2023-128gb-8gb-256gb-8gb-i2538949437.html,12.200.000 ₫,18% Off,,(1),Hà Nội,14.900.000 ₫,,30 Ngày Trả Hàng Miễn Phí,94%,Không đủ thông tin,83%,['0'],['0'],['0'],['0'],['1']
dien thoai,Điện thoại Samsung Galaxy S23 FE (2023) - 128GB | 8GB ; 256GB | 8GB,https://www.lazada.vn/products/dien-thoai-samsung-galaxy-fe-2023-128gb-8gb-256gb-8gb-i2436521527.html,12.200.000 ₫,18% Off,,,Hà Nội,16.890.500 ₫,,30 Ngày Trả Hàng Miễn Phí,92%,Không đủ thông tin,33%,['0'],['0'],['0'],['0'],['0']
dien thoai,"Điện thoại Chắc Chắn Unihertz Tank 2 (RAM 22GB,Rom 512GB,PIN 15.500mAh, Máy Chiếu Laser,Camera 108MP, G99, NFC,Tầm Nhìn Ban Đêm,chống nước,chống va đập)",https://www.lazada.vn/products/dien-thoai-chac-chan-unihertz-tank-2-ram-22gbrom-512gbpin-15500mah-may-chieu-lasercamera-108mp-g99-nfctam-nhin-ban-demchong-nuocchong-va-dap-i2395486719.html,11.990.000 ₫,8% Off,,(3),Hồ Chí Minh,12.990.000 ₫,19.600 ₫,,85%,Không đủ thông tin,100%,['0'],['0'],['0'],['0'],['3']
dien thoai,[GIÁ SỐC CHỈ 6.6] [VOUCHER 1.5TR] Điện thoại Samsung Galaxy S23 FE 8GB+128GB - Điện thoại AI - Galaxy AI - Camera Nightography - Vi xử lý Flagship 4nm,https://www.lazada.vn/products/gia-soc-chi-66-voucher-15tr-dien-thoai-samsung-galaxy-fe-8gb128gb-dien-thoai-ai-galaxy-ai-camera-nightography-vi-xu-ly-flagship-4nm-i2545583764.html,11.989.000 ₫,19% Off,91 Đã bán,(16),Hồ Chí Minh,14.890.000 ₫,16.500 ₫,30 Ngày Trả Hàng Miễn Phí,91%,99%,100%,['1'],['0'],['0'],['0'],['15']
dien thoai,"Điện thoại Oukitel WP30 Pro 5G chắc chắn(Ram 24 GB(12gb + 12GB),Rom 512GB,Android 13 PIN11000mAh,esim,màn hình 6.78"" FHD,camera108MP,sạc nhanh 120W,chống nước,chống va đập)",https://www.lazada.vn/products/dien-thoai-oukitel-wp30-pro-5g-chac-chanram-24-gb12gb-12gbrom-512gbandroid-13-pin11000mahesimman-hinh-678-fhdcamera108mpsac-nhanh-120wchong-nuocchong-va-dap-i2508329077.html,11.980.000 ₫,8% Off,,,Hồ Chí Minh,12.990.000 ₫,Miễn phí,,97%,100%,33%,['0'],['0'],['0'],['0'],['0']
dien thoai,Điện thoại 13 pro max fullbox bản quốc tế 256GB,https://www.lazada.vn/products/dien-thoai-13-pro-max-fullbox-ban-quoc-te-256gb-i2187819396.html,11.800.000 ₫,,,,Nam Định,,37.700 ₫,,87%,80%,100%,['0'],['0'],['0'],['0'],['0']
dien thoai,[ ĐIỆN THOẠI ] MOTOROLA MOTO RAZR 2022 ( Snapdragon 8+ Gen 1 ),https://www.lazada.vn/products/dien-thoai-motorola-moto-razr-2022-snapdragon-8-gen-1-i2607695278.html,11.700.000 ₫,,,,Hồ Chí Minh,,16.500 ₫,,Nhà bán hàng mới,66%,100%,['0'],['0'],['0'],['0'],['0']
dien thoai,Điện thoại di động Xiaomi 13T (12GB/256GB) - Chính hãng,https://www.lazada.vn/products/dien-thoai-di-dong-xiaomi-13t-12gb256gb-chinh-hang-i2427917018.html,11.680.000 ₫,10% Off,35 Đã bán,(8),Hồ Chí Minh,12.990.000 ₫,18.300 ₫,,98%,100%,92%,['0'],['0'],['0'],['0'],['9']
dien thoai,Điện thoại Samsung Galaxy S23 FE 128G - Độc quyền online,https://www.lazada.vn/products/dien-thoai-samsung-galaxy-fe-128g-doc-quyen-online-i2436822647.html,11.617.600 ₫,22% Off,33 Đã bán,(2),Hồ Chí Minh,14.889.600 ₫,,30 Ngày Trả Hàng Miễn Phí,91%,Không đủ thông tin,100%,['0'],['0'],['0'],['0'],['3']
dien thoai,"Điện Thoại OPPO Reno 11 Pro 5G Likenew, Ram 12GB / ROM 512GB, Chip MediaTek Dimensity 8200 5G 8 nhân. SonPixel",https://www.lazada.vn/products/dien-thoai-oppo-reno-11-pro-5g-likenew-ram-12gb-rom-512gb-chip-mediatek-dimensity-8200-5g-8-nhan-sonpixel-i2610757011.html,11.250.000 ₫,16% Off,,,Hà Nội,13.350.000 ₫,38.000 ₫,,91%,95%,100%,['0'],['0'],['0'],['0'],['0']
dien thoai,"Điện thoại OPPO Reno10 Pro 5G 12GB/256GB Hàng Chính Hãng, Mới 100%",https://www.lazada.vn/products/dien-thoai-oppo-reno10-pro-5g-12gb256gb-hang-chinh-hang-moi-100-i2598504145.html,11.078.000 ₫,21% Off,,,Hồ Chí Minh,13.990.000 ₫,16.500 ₫,,100%,99%,100%,['0'],['0'],['0'],['0'],['0']
dien thoai,"Điện thoại Samsung Galaxy S23 FE (8GB/128GB) - Hàng chính hãng - Thiết kế đẹp, cụm 2 camera sắc nét, hiệu năng ổn định",https://www.lazada.vn/products/dien-thoai-samsung-galaxy-fe-8gb128gb-hang-chinh-hang-thiet-ke-dep-cum-2-camera-sac-net-hieu-nang-on-dinh-i2578991404.html,11.039.000 ₫,26% Off,,(0),Bến Tre,14.890.000 ₫,28.700 ₫,30 Ngày Trả Hàng Miễn Phí,98%,100%,100%,['0'],['0'],['0'],['0'],['1']
dien thoai,Điện thoại thông minh Redmi Note 13 Pro+ 5G (8+256GB),https://www.lazada.vn/products/dien-thoai-thong-minh-redmi-note-13-pro-5g-8256gb-i2530632751.html,10.990.000 ₫,,15 Đã bán,(1),Hồ Chí Minh,,18.300 ₫,30 Ngày Trả Hàng Miễn Phí,99%,99%,98%,['0'],['0'],['0'],['0'],['1']
dien thoai,Điện thoại Samsung Galaxy S23 FE 5G 128GB và 256GB - Hàng chính hãng,https://www.lazada.vn/products/dien-thoai-samsung-galaxy-fe-5g-128gb-va-256gb-hang-chinh-hang-i2491781613.html,10.990.000 ₫,27% Off,,,Đà Nẵng,14.990.000 ₫,Miễn phí,,93%,Không đủ thông tin,100%,['0'],['0'],['0'],['0'],['0']
dien thoai,Điện thoại Samsung S22 Ultra 5G Mỹ 2 sim 128Gb 99% Fullbox,https://www.lazada.vn/products/dien-thoai-samsung-ultra-5g-my-2-sim-128gb-99-fullbox-i2453188914.html,10.990.000 ₫,35% Off,5 Đã bán,(1),Hồ Chí Minh,16.900.000 ₫,18.300 ₫,,96%,75%,75%,['0'],['0'],['0'],['0'],['1']
dien thoai,Điện thoại Samsung Galaxy S23 FE 5G 8GB/128GB - Hàng Chính Hãng,https://www.lazada.vn/products/dien-thoai-samsung-galaxy-fe-5g-8gb128gb-hang-chinh-hang-i2431668739.html,10.990.000 ₫,27% Off,,,Đà Nẵng,14.990.000 ₫,38.000 ₫,,97%,81%,80%,['0'],['0'],['0'],['0'],['0']
dien thoai,Điện thoại Samsung Galaxy S21 Ultra 5G New Seal Fullbox (Ram 12GB/ Mỹ - SSVN)- tại Bmobile,https://www.lazada.vn/products/dien-thoai-samsung-galaxy-ultra-5g-new-seal-fullbox-ram-12gb-my-ssvn-tai-bmobile-i1555091018.html,10.890.000 ₫,39% Off,5 Đã bán,(2),Hà Nội,17.999.000 ₫,26.100 ₫,,100%,100%,100%,['0'],['0'],['0'],['0'],['2']
dien thoai,"Điện thoại Samsung Galaxy S23 FE (8GB/128GB) - Hàng chính hãng - Thiết kế đẹp, cụm 2 camera sắc nét, hiệu năng ổn định",https://www.lazada.vn/products/dien-thoai-samsung-galaxy-fe-8gb128gb-hang-chinh-hang-thiet-ke-dep-cum-2-camera-sac-net-hieu-nang-on-dinh-i2579015545.html,10.839.000 ₫,27% Off,,,Bến Tre,14.890.000 ₫,28.700 ₫,,97%,100%,100%,['0'],['0'],['0'],['0'],['0']
dien thoai,[ ĐIỆN THOẠI ] XIAOMI 12S ULTRA ( Snapdragon 8+ Gen 1 ),https://www.lazada.vn/products/dien-thoai-xiaomi-12s-ultra-snapdragon-8-gen-1-i2649547542.html,10.800.000 ₫,,,,Hồ Chí Minh,,16.500 ₫,,Nhà bán hàng mới,66%,100%,['0'],['0'],['0'],['0'],['0']
dien thoai,Điện thoại Samsung Galaxy M54 5G - 2 Sim 8GB/256GB New chính hãng,https://www.lazada.vn/products/dien-thoai-samsung-galaxy-m54-5g-2-sim-8gb256gb-new-chinh-hang-i2538959309.html,10.791.000 ₫,10% Off,,,Hà Nội,11.990.000 ₫,,30 Ngày Trả Hàng Miễn Phí,94%,Không đủ thông tin,83%,['0'],['0'],['0'],['0'],['0']
dien thoai,Điện thoại Samsung Galaxy A73 5G | 256GB & 128GB,https://www.lazada.vn/products/dien-thoai-samsung-galaxy-a73-5g-256gb-128gb-i2184835929.html,10.782.000 ₫,10% Off,5 Đã bán,,Hà Nội,12.980.000 ₫,,30 Ngày Trả Hàng Miễn Phí,92%,Không đủ thông tin,33%,['0'],['0'],['0'],['0'],['0']
dien thoai,Điện Thoại Samsung Galaxy A55 5G (8GB/128GB) Chính Hãng - Bảo Hành 12 Tháng,https://www.lazada.vn/products/dien-thoai-samsung-galaxy-a55-5g-8gb128gb-chinh-hang-bao-hanh-12-thang-i2602362517.html,10.560.000 ₫,,,,Hồ Chí Minh,,19.600 ₫,30 Ngày Trả Hàng Miễn Phí,100%,Không đủ thông tin,Không đủ thông tin,['0'],['0'],['0'],['0'],['0']
dien thoai,[ ĐIỆN THOẠI ] ASUS ROG PHONE 6 ( Snapdragon® 8+ Gen 1 ) NEW FULLBOX,https://www.lazada.vn/products/dien-thoai-asus-rog-phone-6-snapdragon-8-gen-1-new-fullbox-i2608237826.html,10.500.000 ₫,,,,Hồ Chí Minh,,16.500 ₫,,Nhà bán hàng mới,66%,100%,['0'],['0'],['0'],['0'],['0']
dien thoai,[Mới] Điện thoại vivo V30e (12GB+256GB) - Hàng chính hãng - Bảo hành 12 tháng,https://www.lazada.vn/products/moi-dien-thoai-vivo-v30e-12gb256gb-hang-chinh-hang-bao-hanh-12-thang-i2646788055.html,10.490.000 ₫,,,,Hồ Chí Minh,,16.500 ₫,30 Ngày Trả Hàng Miễn Phí,99%,100%,Không đủ thông tin,['0'],['0'],['0'],['0'],['0']
dien thoai,Điện thoại Xiaomi 13T 5G 12GB/256GB - Chính Hãng DGW - BH 2 Năm,https://www.lazada.vn/products/dien-thoai-xiaomi-13t-5g-12gb256gb-chinh-hang-dgw-bh-2-nam-i2434232129.html,10.490.000 ₫,19% Off,,,Đà Nẵng,12.990.000 ₫,38.000 ₫,,97%,81%,80%,['0'],['0'],['0'],['0'],['0']
dien thoai,"Điện Thoại Samsung Galaxy A71 128GB (8GB RAM) - Màn hình tràn viền vô cực 6.7 inch SuperAmold Full HD + Bộ 4 CAMERA SAU 64MP + Dung lượng Pin ấn tượng 4,500mAH",https://www.lazada.vn/products/dien-thoai-samsung-galaxy-a71-128gb-8gb-ram-man-hinh-tran-vien-vo-cuc-67-inch-superamold-full-hd-bo-4-camera-sau-64mp-dung-luong-pin-an-tuong-4500mah-i601132233.html,10.490.000 ₫,,,,Đăk Nông,,32.200 ₫,,Không đủ thông tin,Không đủ thông tin,Không đủ thông tin,['0'],['0'],['0'],['0'],['0']
dien thoai,[GIÁ SỐC CHỈ 6.6 - VOUCHER 1.2TR] Điện thoại Samsung Galaxy S22 8GB+128GB chính hãng - Điện thoại AI - Galaxy AI - Độc quyền LAZADA,https://www.lazada.vn/products/gia-soc-chi-66-voucher-12tr-dien-thoai-samsung-galaxy-8gb128gb-chinh-hang-dien-thoai-ai-galaxy-ai-doc-quyen-lazada-i1714314288.html,10.489.000 ₫,52% Off,237 Đã bán,(37),Hồ Chí Minh,21.990.000 ₫,18.300 ₫,30 Ngày Trả Hàng Miễn Phí,91%,99%,100%,['2'],['0'],['0'],['2'],['33']
dien thoai,"Điện Thoại Google Pixel 8 Lock, Ram 8/128/256GB, Chip Tensor G3 Với AI Camera Siêu Đỉnh, SonPixel.",https://www.lazada.vn/products/dien-thoai-google-pixel-8-lock-ram-8128256gb-chip-tensor-g3-voi-ai-camera-sieu-dinh-sonpixel-i2554055075.html,10.450.000 ₫,30% Off,,,Hà Nội,14.900.000 ₫,38.000 ₫,,91%,95%,100%,['0'],['0'],['0'],['0'],['0']
dien thoai,"Điện Thoại OPPO Reno 10 Pro+ 5G Likenew, Snapdragon 8 GEN 1, Ram 12/ Rom 256GB. SonPixel",https://www.lazada.vn/products/dien-thoai-oppo-reno-10-pro-5g-likenew-snapdragon-8-gen-1-ram-12-rom-256gb-sonpixel-i2615486311.html,10.290.000 ₫,34% Off,,,Hà Nội,16.000.000 ₫,38.000 ₫,,91%,95%,100%,['0'],['0'],['0'],['0'],['0']
dien thoai,Điện thoại Xiaomi 13T 5G 12GB/256GB - Hàng Chính Hãng - Bảo Hành 2 Năm,https://www.lazada.vn/products/dien-thoai-xiaomi-13t-5g-12gb256gb-hang-chinh-hang-bao-hanh-2-nam-i2430535662.html,10.290.000 ₫,21% Off,,,Đà Nẵng,12.990.000 ₫,38.000 ₫,,96%,25%,100%,['0'],['0'],['0'],['0'],['0']
dien thoai,"Điện thoại OPPO Reno11 5G 8GB/256GB Hàng Chính Hãng, Mới 100%",https://www.lazada.vn/products/dien-thoai-oppo-reno11-5g-8gb256gb-hang-chinh-hang-moi-100-i2598504441.html,10.266.000 ₫,7% Off,,,Hồ Chí Minh,10.990.000 ₫,16.500 ₫,,100%,99%,100%,['0'],['0'],['0'],['0'],['0']
dien thoai,Điện thoại Oppo Reno11 5G 8GB/256GB - Hàng chính hãng,https://www.lazada.vn/products/dien-thoai-oppo-reno11-5g-8gb256gb-hang-chinh-hang-i2545697812.html,10.490.000 ₫,13% Off,,,Đà Nẵng,11.990.000 ₫,38.000 ₫,,97%,81%,80%,['0'],['0'],['0'],['0'],['0']
dien thoai,Điện thoại Samsung Galaxy A54 5G,https://www.lazada.vn/products/dien-thoai-samsung-galaxy-a54-5g-i2327386125.html,10.490.000 ₫,,7 Đã bán,(2),Hồ Chí Minh,,,30 Ngày Trả Hàng Miễn Phí,99%,Không đủ thông tin,100%,['0'],['0'],['0'],['0'],['3']
dien thoai,Điện thoại Samsung Galaxy S23 FE 5G - Hàng chính hãng - Bảo hành 12 tháng,https://www.lazada.vn/products/dien-thoai-samsung-galaxy-fe-5g-hang-chinh-hang-bao-hanh-12-thang-i1732691794.html,10.235.000 ₫,32% Off,,,Đà Nẵng,14.990.000 ₫,38.000 ₫,,97%,81%,80%,['0'],['0'],['0'],['0'],['0']
dien thoai,[ ĐIỆN THOẠI ] XIAOMI 13 PRO 5G ( Snapdragon 8 Gen 2 ),https://www.lazada.vn/products/dien-thoai-xiaomi-13-pro-5g-snapdragon-8-gen-2-i2601966545.html,10.200.000 ₫,,,,Hồ Chí Minh,,16.500 ₫,,Nhà bán hàng mới,66%,100%,['0'],['0'],['0'],['0'],['0']
dien thoai,Điện thoại Redmi Note 13 Pro+ 5G (8GB/256GB) - Chính hãng,https://www.lazada.vn/products/dien-thoai-redmi-note-13-pro-5g-8gb256gb-chinh-hang-i2552235600.html,10.100.000 ₫,8% Off,6 Đã bán,(2),Hồ Chí Minh,10.990.000 ₫,18.300 ₫,,98%,100%,92%,['0'],['0'],['0'],['0'],['2']
dien thoai,Điện thoại Galaxy S21 Ultra 5G (12GB/128GB) mới Fullbox chuẩn đẹp dùng 2 sim - BH 6 tháng lỗi 1 đổi 1,https://www.lazada.vn/products/dien-thoai-galaxy-ultra-5g-12gb128gb-moi-fullbox-chuan-dep-dung-2-sim-bh-6-thang-loi-1-doi-1-i2286802222.html,10.099.000 ₫,22% Off,,(1),Hà Nội,13.000.000 ₫,38.000 ₫,,97%,Không đủ thông tin,Không đủ thông tin,['0'],['0'],['0'],['0'],['1']
dien thoai,Điện thoại Samsung Galaxy S22 Plus 5G 2 sim Mỹ chính hãng | Snapdragon 8 Gen 1 Kèm phụ kiện Tại Playmobile Shop,https://www.lazada.vn/products/dien-thoai-samsung-galaxy-plus-5g-2-sim-my-chinh-hang-snapdragon-8-gen-1-kem-phu-kien-tai-playmobile-shop-i2101770497.html,10.085.523 ₫,17% Off,45 Đã bán,(3),Hà Nội,12.090.000 ₫,13.700 ₫,,95%,100%,100%,['0'],['0'],['0'],['0'],['3']
dien thoai,Điện thoại thông minh Redmi Note 13 Pro+ 5G (8+256GB),https://www.lazada.vn/products/dien-thoai-thong-minh-redmi-note-13-pro-5g-8256gb-i2641176742.html,9.990.000 ₫,9% Off,,,Đà Nẵng,10.990.000 ₫,45.100 ₫,,96%,25%,100%,['0'],['0'],['0'],['0'],['0']
dien thoai,Điện thoại IP 12 giá rẻ bộ nhớ 128GB hàng likenew 99% bản đẹp full màu - Máy quốc tế chính hãng hàng,https://www.lazada.vn/products/dien-thoai-ip-12-gia-re-bo-nho-128gb-hang-likenew-99-ban-dep-full-mau-may-quoc-te-chinh-hang-hang-i2640715167.html,9.990.000 ₫,,,,Hồ Chí Minh,,16.500 ₫,,Không đủ thông tin,Không đủ thông tin,66%,['0'],['0'],['0'],['0'],['0']
dien thoai,"Điện thoại XIAOMI Redmi Note 13 Pro Plus 5G Ram 8GB | 256GB - 6.67"" 120Hz | Chip Dimensity 7200 Ultra - BH 18 tháng",https://www.lazada.vn/products/dien-thoai-xiaomi-redmi-note-13-pro-plus-5g-ram-8gb-256gb-667-120hz-chip-dimensity-7200-ultra-bh-18-thang-i2640681447.html,9.990.000 ₫,17% Off,,,Hồ Chí Minh,12.000.000 ₫,16.500 ₫,30 Ngày Trả Hàng Miễn Phí,98%,83%,100%,['0'],['0'],['0'],['0'],['0']
dien thoai,Điện thoại Samsung Galaxy A55 5G,https://www.lazada.vn/products/dien-thoai-samsung-galaxy-a55-5g-i2621218557.html,9.990.000 ₫,,,,Hà Nội,,,30 Ngày Trả Hàng Miễn Phí,94%,Không đủ thông tin,83%,['0'],['0'],['0'],['0'],['0']
dien thoai,Điện thoại thông minh POCO X6 Pro 5G,https://www.lazada.vn/products/dien-thoai-thong-minh-poco-x6-pro-5g-i2593359346.html,9.990.000 ₫,,,,Đà Nẵng,,32.700 ₫,,100%,80%,Không đủ thông tin,['0'],['0'],['0'],['0'],['0']
dien thoai,"Điện thoại Samsung Galaxy S23FE 5G (8GB/128GB) Nguyên seal, chính hãng, MỚI 100%, Màn hình: Dynamic AMOLED 2X 6.4"" Full HD+, Camera sau: Chính 50 MP & Phụ 12 MP, 8 MP, Camera trước: 10 MP Chip: Exynos 2200 8 nhân, Pin, Sạc: 4500 mAh-25 W",https://www.lazada.vn/products/dien-thoai-samsung-galaxyfe-5g-8gb128gb-nguyen-seal-chinh-hang-moi-100-man-hinh-dynamic-amoled-2x-64-full-hd-camera-sau-chinh-50-mp-phu-12-mp-8-mp-camera-truoc-10-mp-chipexynos-2200-8-nhan-pin-sac-4500-mah-25-w-i2461289023.html,9.990.000 ₫,23% Off,7 Đã bán,,Hồ Chí Minh,12.890.000 ₫,Miễn phí,,98%,100%,88%,['0'],['0'],['0'],['0'],['0']
dien thoai,(MEGA 6.6 SALE LỚN NHẤT NĂM) Điện Thoại Sony Xperia 10 V | Điện thoại thông minh siêu nhẹ & thời lượng pin cực lớn,https://www.lazada.vn/products/mega-66-sale-lon-nhat-nam-dien-thoai-sony-xperia-10-v-dien-thoai-thong-minh-sieu-nhe-thoi-luong-pin-cuc-lon-i2299721673.html,9.890.000 ₫,21% Off,38 Đã bán,(12),Bình Dương,12.490.000 ₫,,30 Ngày Trả Hàng Miễn Phí,98%,Không đủ thông tin,98%,['0'],['0'],['1'],['1'],['11']
dien thoai,Điện thoại OPPO RENO8T 5G,https://www.lazada.vn/products/dien-thoai-oppo-reno8t-5g-i2200793111.html,9.990.000 ₫,,7 Đã bán,,Hà Nội,,Miễn phí,,100%,Không đủ thông tin,Không đủ thông tin,['0'],['0'],['0'],['0'],['0']
dien thoai,Điện thoại OnePlus 11 (Snapdragon 8 gen 2 - AMOLED 2K) đã unlock 2 sim likenew kèm sạc 100W,https://www.lazada.vn/products/dien-thoai-oneplus-11-snapdragon-8-gen-2-amoled-2k-da-unlock-2-sim-likenew-kem-sac-100w-i2364171853.html,9.895.000 ₫,,,,Hà Nội,9.900.000 ₫,Miễn phí,,91%,55%,78%,['1'],['0'],['0'],['0'],['0']
dien thoai,Điện thoại Samsung Galaxy S22 Ultra 5G 2 sim Likenew- Fullbox,https://www.lazada.vn/products/dien-thoai-samsung-galaxy-ultra-5g-2-sim-likenew-fullbox-i2080954818.html,9.890.000 ₫,18% Off,8 Đã bán,(5),Tiền Giang,15.900.000 ₫,28.700 ₫,,97%,100%,100%,['0'],['0'],['1'],['0'],['4']
dien thoai,"[MỞ BÁN] Điện thoại Samsung Galaxy A55 5G - Hàng Chính Hãng, Mới 100%, Nguyên seal, Bảo Hành 12 Tháng",https://www.lazada.vn/products/mo-ban-dien-thoai-samsung-galaxy-a55-5g-hang-chinh-hang-moi-100-nguyen-seal-bao-hanh-12-thang-i2604024068.html,9.790.000 ₫,1% Off,,,Hồ Chí Minh,9.900.000 ₫,18.300 ₫,30 Ngày Trả Hàng Miễn Phí,99%,99%,98%,['0'],['0'],['0'],['0'],['0']
dien thoai,Điện thoại Samsung Galaxy Z Fold4 chính hãng SSVN bảo hành 12 tháng tặng kèm cáp sạc tai nghe 7LV,https://www.lazada.vn/products/dien-thoai-samsung-galaxy-z-fold4-chinh-hang-ssvn-bao-hanh-12-thang-tang-kem-cap-sac-tai-nghe-7lv-i2640708144.html,9.675.000 ₫,,,,Hồ Chí Minh,,16.500 ₫,,Không đủ thông tin,Không đủ thông tin,66%,['0'],['0'],['0'],['0'],['0']
dien thoai,Điện thoại Samsung S23 5G Mỹ 2 sim chip Snapdragon Likenew,https://www.lazada.vn/products/dien-thoai-samsung-5g-my-2-sim-chip-snapdragon-likenew-i2662900359.html,9.590.000 ₫,9% Off,,,Hồ Chí Minh,10.500.000 ₫,16.500 ₫,,96%,75%,75%,['0'],['0'],['0'],['0'],['0']
dien thoai,Điện thoại Samsung S23 5G 2 sim 128GB 99%,https://www.lazada.vn/products/dien-thoai-samsung-5g-2-sim-128gb-99-i2623778942.html,9.590.000 ₫,11% Off,,(0),Tiền Giang,10.800.000 ₫,28.700 ₫,,97%,100%,100%,['0'],['0'],['0'],['0'],['1']
dien thoai,Điện thoại 12 pro max quốc tế full chức năng,https://www.lazada.vn/products/dien-thoai-12-pro-max-quoc-te-full-chuc-nang-i2605959399.html,9.500.000 ₫,,,,Nam Định,,37.700 ₫,,87%,80%,100%,['0'],['0'],['0'],['0'],['0']
dien thoai,Điện thoại Samsung Galaxy Note 20 Ultra 5G (12GB/256GB) Hàng chính hãng,https://www.lazada.vn/products/dien-thoai-samsung-galaxy-note-20-ultra-5g-12gb256gb-hang-chinh-hang-i2044071547.html,9.500.000 ₫,32% Off,,,Hà Nội,13.900.000 ₫,Miễn phí,,75%,Không đủ thông tin,Không đủ thông tin,['0'],['0'],['0'],['0'],['0']
dien thoai,Điện thoại ai Phone 11 Pro Max 64GB Cũ,https://www.lazada.vn/products/dien-thoai-ai-phone-11-pro-max-64gb-cu-i2493864038.html,9.499.000 ₫,10% Off,,,Hồ Chí Minh,10.499.000 ₫,Miễn phí,,82%,Không đủ thông tin,100%,['0'],['0'],['0'],['0'],['0']
dien thoai,"Điện thoại oukitel wp21 (chống sốc,chống nước,pin khủng,pin 9.800mAh ,Ram 12Gb,Rom 256Gb)",https://www.lazada.vn/products/dien-thoai-oukitel-wp21-chong-socchong-nuocpin-khungpin-9800mah-ram-12gbrom-256gb-i2096443228.html,9.490.000 ₫,21% Off,,,Hồ Chí Minh,11.990.000 ₫,18.300 ₫,,85%,Không đủ thông tin,100%,['0'],['0'],['0'],['0'],['0']
dien thoai,Điện Thoại Samsung Galaxy A55 5G - Hàng Chính Hãng - Bảo Hành 12 Tháng Tại Các Trung Tâm Bảo Hành Samsung Trên Toàn Quốc,https://www.lazada.vn/products/dien-thoai-samsung-galaxy-a55-5g-hang-chinh-hang-bao-hanh-12-thang-tai-cac-trung-tam-bao-hanh-samsung-tren-toan-quoc-i2649735127.html,9.480.000 ₫,14% Off,,,Hồ Chí Minh,10.990.000 ₫,Miễn phí,,100%,Không đủ thông tin,100%,['0'],['0'],['0'],['0'],['0']
dien thoai,Điện Thoại Samsung Galaxy A54 5G,https://www.lazada.vn/products/dien-thoai-samsung-galaxy-a54-5g-i2215831400.html,9.440.640 ₫,10% Off,20 Đã bán,(1),Hà Nội,10.489.600 ₫,,30 Ngày Trả Hàng Miễn Phí,92%,Không đủ thông tin,33%,['0'],['0'],['0'],['0'],['2']
dien thoai,"Điện thoại Xiaomi 13 Pro, chip SM8550 Snapdragon 8 Gen 2, fullbox, sạc nhanh 120W",https://www.lazada.vn/products/dien-thoai-xiaomi-13-pro-chip-sm8550-snapdragon-8-gen-2-fullbox-sac-nhanh-120w-i2506840402.html,9.390.000 ₫,17% Off,,(1),Vĩnh Phúc,11.250.000 ₫,43.900 ₫,,100%,100%,97%,['0'],['0'],['0'],['0'],['1']
dien thoai,Điện Thoại Samsung Galaxy S21 Ultra 5G Mỹ Snapdragon 888 2 sim 12/128GB Màn 120HZ Zin đẹp || Kèm Phụ kiện || Playmobile,https://www.lazada.vn/products/dien-thoai-samsung-galaxy-ultra-5g-my-snapdragon-888-2-sim-12128gb-man-120hz-zin-dep-kem-phu-kien-playmobile-i1885820119.html,9.351.363 ₫,13% Off,38 Đã bán,(13),Hà Nội,10.790.000 ₫,13.700 ₫,,95%,100%,100%,['0'],['0'],['0'],['0'],['13']
dien thoai,"Điện Thoại Google Pixel 7 Pro Ram 8/128GB/256GB/512GB Chính Hãng, Sonpixel",https://www.lazada.vn/products/dien-thoai-google-pixel-7-pro-ram-8128gb256gb512gb-chinh-hang-sonpixel-i2058767640.html,9.350.000 ₫,38% Off,35 Đã bán,(18),Hà Nội,17.000.000 ₫,32.700 ₫,,91%,95%,100%,['0'],['0'],['0'],['0'],['19']
dien thoai,[ ĐIỆN THOẠI ] XIAOMI 13 5G ( Snapdragon® 8 GEN 2 ),https://www.lazada.vn/products/dien-thoai-xiaomi-13-5g-snapdragon-8-gen-2-i2601960536.html,9.300.000 ₫,,,,Hồ Chí Minh,,16.500 ₫,,Nhà bán hàng mới,66%,100%,['0'],['0'],['0'],['0'],['0']
dien thoai,"Điện thoại OPPO Reno10 5G Ram 8GB | 256GB Chính Hãng Di Động Việt - Màn hình 6.7"" | Chip Dimensity 7050 - BH 12 tháng",https://www.lazada.vn/products/dien-thoai-oppo-reno10-5g-ram-8gb-256gb-chinh-hang-di-dong-viet-man-hinh-67-chip-dimensity-7050-bh-12-thang-i2638717719.html,9.150.000 ₫,17% Off,,,Hồ Chí Minh,10.990.000 ₫,16.500 ₫,30 Ngày Trả Hàng Miễn Phí,98%,83%,100%,['0'],['0'],['0'],['0'],['0']
dien thoai,[Trả góp 0%] Điện thoại Apple iPhone 11 Chính hãng VN/A [Viettel Store],https://www.lazada.vn/products/tra-gop-0-dien-thoai-apple-iphone-11-chinh-hang-vna-viettel-store-i1453408210.html,9.090.000 ₫,24% Off,534 Đã bán,(126),Hà Nội,11.990.000 ₫,38.000 ₫,30 Ngày Trả Hàng Miễn Phí,99%,100%,85%,['1'],['0'],['0'],['2'],['123']
dien thoai,[ ĐIỆN THOẠI ] ONEPLUS ACE 2 PRO LIKENEW FULLBOX ( Snapdragon 8 GEN 2 ),https://www.lazada.vn/products/dien-thoai-oneplus-ace-2-pro-likenew-fullbox-snapdragon-8-gen-2-i2605888089.html,9.000.000 ₫,,,,Hồ Chí Minh,,16.500 ₫,,Nhà bán hàng mới,66%,100%,['0'],['0'],['0'],['0'],['0']
dien thoai,"Điện thoại siêu bền Oukitel wp19 Pro(chống nước,chống sốc ,Pin 22000mAh,Ram 24Gb(8+16),Rom 256GB,camera 64mp,CPU Helio G99, sạc nhanh 33W)",https://www.lazada.vn/products/dien-thoai-sieu-ben-oukitel-wp19-prochong-nuocchong-soc-pin-22000mahram-24gb816rom-256gbcamera-64mpcpu-helio-g99-sac-nhanh-33w-i2596553352.html,8.990.000 ₫,10% Off,,,Hồ Chí Minh,9.990.000 ₫,Miễn phí,,97%,100%,33%,['0'],['0'],['0'],['0'],['0']
dien thoai,Điện thoại OPPO Reno11F 5G (8GB/256GB) - Hàng chính hãng,https://www.lazada.vn/products/dien-thoai-oppo-reno11f-5g-8gb256gb-hang-chinh-hang-i2585085427.html,8.990.000 ₫,,,,Hồ Chí Minh,,45.100 ₫,30 Ngày Trả Hàng Miễn Phí,100%,100%,100%,['0'],['0'],['0'],['0'],['0']
dien thoai,"Điện thoại siêu bền Oukitel WP33 Pro 5G (Loa to 136 dB (5W) ,Pin 22000mAh,màn hình 6,6 inch FHD+,Ram 24GB(8+16),Rom 256GB, Camera 64MP,sạc nhanh 33W)",https://www.lazada.vn/products/dien-thoai-sieu-ben-oukitel-wp33-pro-5g-loa-to-136-db-5w-pin-22000mahman-hinh-66-inch-fhdram-24gb816rom-256gb-camera-64mpsac-nhanh-33w-i2561606956.html,8.990.000 ₫,10% Off,,,Hồ Chí Minh,9.990.000 ₫,19.600 ₫,,85%,Không đủ thông tin,100%,['0'],['0'],['0'],['0'],['0']
dien thoai,Điện thoại thông minh POCO X6 Pro 5G,https://www.lazada.vn/products/dien-thoai-thong-minh-poco-x6-pro-5g-i2553686625.html,8.990.000 ₫,10% Off,25 Đã bán,(5),Hồ Chí Minh,11.490.000 ₫,18.300 ₫,30 Ngày Trả Hàng Miễn Phí,99%,99%,98%,['0'],['0'],['0'],['0'],['5']
dien thoai,"Điện thoại chắc chắn Unihertz Tank (RAM 22Gb ,Pin khủng 22000mAh,Chống nước ,Chống bụi Chống sốc, Face ID & Nhận dạng vân tay, Màn hình 6,81 inch,Android 12 ,MTK6789 Octa Core lên đến 2,2 GHz, Mạng: 4G, NFC)",https://www.lazada.vn/products/dien-thoai-chac-chan-unihertz-tank-ram-22gb-pin-khung-22000mahchong-nuoc-chong-bui-chong-soc-face-id-nhan-dang-van-tay-man-hinh-681-inchandroid-12-mtk6789-octa-core-len-den-22-ghz-mang-4g-nfc-i2145292554.html,8.990.000 ₫,18% Off,,(1),Hồ Chí Minh,10.990.000 ₫,18.300 ₫,,85%,Không đủ thông tin,100%,['0'],['0'],['0'],['0'],['1']
dien thoai,"Điện thoại chắc chắn Unihertz Tank (Ram 22Gb,IP68 Chống nước Chống bụi Chống sốc, Face ID & Nhận dạng vân tay, Pin 22000mAh, Màn hình 6,81 inch,Android 12 ,MTK6789 Octa Core lên đến 2,2 GHz, Mạng: 4G, NFC)",https://www.lazada.vn/products/dien-thoai-chac-chan-unihertz-tank-ram-22gbip68-chong-nuoc-chong-bui-chong-soc-face-id-nhan-dang-van-tay-pin-22000mah-man-hinh-681-inchandroid-12-mtk6789-octa-core-len-den-22-ghz-mang-4g-nfc-i2144688722.html,8.990.000 ₫,,,(1),Hồ Chí Minh,9.000.000 ₫,Miễn phí,,97%,100%,33%,['0'],['0'],['0'],['0'],['1']
