,Type,Title,Links,Price,Discount_percent,Sold,Preview,Location,Original,Ship_price,Return,Positive_review,Ship_on_time,Rate_response,One_star,Two_star,Three_star,Four_star,Five_star
0,quáº§n Ã¡o,SÃ‰T Bá»˜ ÃO Cá»˜C TAY CÃ” BÃ‰ ÄI XE MÃY KÃˆM QUáº¦N BOM DÃ‚Y RÃšT,https://www.lazada.vn/products/set-bo-ao-coc-tay-co-be-di-xe-may-kem-quan-bom-day-rut-i1896905264.html,36.000 â‚«,60% Off,102 ÄÃ£ bÃ¡n,(21),Nam Äá»‹nh,189.000 â‚«,37.700 â‚«,3 ngÃ y tráº£ hÃ ng cho NhÃ  bÃ¡n hÃ ng,94%,100%,83%,1,0,1,1,18
1,quáº§n Ã¡o,Äá»“ Bá»™ Ná»¯ Äi ChÆ¡i Cháº¥t Thun MÃ¡t Size M - dÆ°á»›i 53kg / Size L Tá»« 54kg Ä‘áº¿n 65kg/ Size XL tá»« 65kg Ä‘áº¿n 72kg,https://www.lazada.vn/products/do-bo-nu-di-choi-chat-thun-mat-size-m-duoi-53kg-size-l-tu-54kg-den-65kg-size-xl-tu-65kg-den-72kg-i1072394871.html,35.891 â‚«,64% Off,3.0K ÄÃ£ bÃ¡n,(1024),Há»“ ChÃ­ Minh,100.000 â‚«,16.500 â‚«,3 ngÃ y tráº£ hÃ ng cho NhÃ  bÃ¡n hÃ ng,97%,100%,100%,20,7,27,36,934
2,quáº§n Ã¡o,"Bá»™ máº«u hoáº¡ tiáº¿t SÆ° ThÃ­ch Minh Tuá»‡ quáº§n Ä‘Ã¹i tay ngáº¯ntá»« 7KG Äáº¾N 70KG , cháº¥t thun má»m - má»‹n - mÃ¡t",https://www.lazada.vn/products/bo-mau-hoa-tiet-su-thich-minh-tue-quan-dui-tay-ngantu-7kg-den-70kg-chat-thun-mem-min-mat-i2659422024.html,37.000 â‚«,8% Off,101 ÄÃ£ bÃ¡n,(16),Cáº§n ThÆ¡,45.000 â‚«,28.700 â‚«,3 ngÃ y tráº£ hÃ ng cho NhÃ  bÃ¡n hÃ ng,97%,100%,42%,0,0,0,0,17
3,quáº§n Ã¡o,"Bá»™ quáº§n Ã¡o NAM Ná»® BURBRRY phá»‘i tay káº» in chá»¯ ,+ + quáº§n Ä‘Ã¹i káº»",https://www.lazada.vn/products/bo-quan-ao-nam-nu-burbrry-phoi-tay-ke-in-chu-quan-dui-ke-i2612919320.html,47.227 â‚«,52% Off,61 ÄÃ£ bÃ¡n,(22),HÃ  Ná»™i,99.000 â‚«,32.700 â‚«,3 ngÃ y tráº£ hÃ ng cho NhÃ  bÃ¡n hÃ ng,91%,99%,66%,0,2,0,1,19
4,quáº§n Ã¡o,"Set bá»™ Ä‘á»“ ná»¯ lá»­ng cháº¥t thun gÃ¢n máº·c nhÃ ,Ä‘i chÆ¡i siÃªu xinh",https://www.lazada.vn/products/set-bo-do-nu-lung-chat-thun-gan-mac-nhadi-choi-sieu-xinh-i2388649782.html,92.004 â‚«,54% Off,244 ÄÃ£ bÃ¡n,(65),Long An,198.000 â‚«,28.700 â‚«,3 ngÃ y tráº£ hÃ ng cho NhÃ  bÃ¡n hÃ ng,97%,100%,KhÃ´ng Ä‘á»§ thÃ´ng tin,2,0,2,4,58
5,quáº§n Ã¡o,SÃ‰T ÃO Máº¦M LÃ KHÃ“C KÃˆM QUáº¦N Káºº Ráº¤T Dá»„ THÆ¯Æ NG [ PHÃ™ Há»¢P ÄI Há»ŒC ÄI CHÆ I ],https://www.lazada.vn/products/set-ao-mam-la-khoc-kem-quan-ke-rat-de-thuong-phu-hop-di-hoc-di-choi-i1714279177.html,33.333 â‚«,44% Off,221 ÄÃ£ bÃ¡n,(32),Nam Äá»‹nh,160.000 â‚«,37.700 â‚«,3 ngÃ y tráº£ hÃ ng cho NhÃ  bÃ¡n hÃ ng,93%,100%,100%,1,0,1,2,28
6,quáº§n Ã¡o,"[HCM] Äá»“ bá»™ tole trung niÃªn, bá»™ tole lanh máº·c nhÃ  SHOP5SAO quáº§n lá»­ng, Ã¡o cÃ¡nh tiÃªn cÃ³ Bigsize (50-80kg)",https://www.lazada.vn/products/hcm-do-bo-tole-trung-nien-bo-tole-lanh-mac-nha-shop5sao-quan-lung-ao-canh-tien-co-bigsize-50-80kg-i1673265631.html,84.889 â‚«,33% Off,4.2K ÄÃ£ bÃ¡n,(927),Há»“ ChÃ­ Minh,132.000 â‚«,16.500 â‚«,3 ngÃ y tráº£ hÃ ng cho NhÃ  bÃ¡n hÃ ng,99%,98%,94%,5,1,2,25,894
7,quáº§n Ã¡o,Set Baggy Jeans á»ng SuÃ´ng Äai NÃºt RÃ¡ch + SÆ¡ mi rÃºt dÃ¢Y HOT,https://www.lazada.vn/products/set-baggy-jeans-ong-suong-dai-nut-rach-so-mi-rut-day-hot-i2511148108.html,149.000 â‚«,,5 ÄÃ£ bÃ¡n,,Há»“ ChÃ­ Minh,,18.300 â‚«,3 ngÃ y tráº£ hÃ ng cho NhÃ  bÃ¡n hÃ ng,92%,99%,60%,0,0,0,0,0
8,quáº§n Ã¡o,"Bá»™ Pijama, Äá»“ Bá»™ Máº·c NhÃ  Ná»¯ DÃ¡ng Cá»™c xinh xáº¯n",https://www.lazada.vn/products/bo-pijama-do-bo-mac-nha-nu-dang-coc-xinh-xan-i2379278926.html,15.971 â‚«,54% Off,229 ÄÃ£ bÃ¡n,(68),HÃ  Ná»™i,59.000 â‚«,32.700 â‚«,3 ngÃ y tráº£ hÃ ng cho NhÃ  bÃ¡n hÃ ng,95%,100%,100%,0,1,0,3,65
9,quáº§n Ã¡o,"Äá»“ bá»™ ná»¯ máº·c nhÃ  dá»… thÆ°Æ¡ng , bá»™ ngá»§ pijama ngáº¯n hoáº¡t hÃ¬nh cá»™c tay mÃ¹a hÃ¨",https://www.lazada.vn/products/do-bo-nu-mac-nha-de-thuong-bo-ngu-pijama-ngan-hoat-hinh-coc-tay-mua-he-i2016109656.html,25.000 â‚«,50% Off,250 ÄÃ£ bÃ¡n,(57),Há»“ ChÃ­ Minh,75.999 â‚«,16.500 â‚«,3 ngÃ y tráº£ hÃ ng cho NhÃ  bÃ¡n hÃ ng,91%,100%,50%,1,1,2,2,51
10,quáº§n Ã¡o,Ão Thun Thá»ƒ Thao Form Rá»™ng Unisex Nam Ná»¯ XÆ°á»Ÿng May Zenko WAT 026,https://www.lazada.vn/products/ao-thun-the-thao-form-rong-unisex-nam-nu-xuong-may-zenko-wat-026-i2579061251.html,17.174 â‚«,66% Off,19 ÄÃ£ bÃ¡n,(14),HÃ  Ná»™i,50.000 â‚«,38.000 â‚«,3 ngÃ y tráº£ hÃ ng cho NhÃ  bÃ¡n hÃ ng,66%,100%,77%,3,0,0,0,11
11,quáº§n Ã¡o,Bá»™ Äá»“ Ngá»§ Máº·c NhÃ  Tay Ngáº¯n In Há»a Tiáº¿t Dá»… ThÆ°Æ¡ng Cháº¥t LÆ°á»£ng Cao Cho Ná»¯,https://www.lazada.vn/products/bo-do-ngu-mac-nha-tay-ngan-in-hoa-tiet-de-thuong-chat-luong-cao-cho-nu-i2609252762.html,38.660 â‚«,47% Off,192 ÄÃ£ bÃ¡n,(59),NÆ°á»›c ngoÃ i,73.000 â‚«,,KhÃ´ng Ã¡p dá»¥ng chÃ­nh sÃ¡ch báº£o hÃ nh,92%,KhÃ´ng Ä‘á»§ thÃ´ng tin,100%,2,0,0,0,57
12,quáº§n Ã¡o,Set Ä‘á»“ ná»¯ ngá»§ máº·c nhÃ  tay ngáº¯n in há»a tiáº¿t dá»… thÆ°Æ¡ng cháº¥t lÆ°á»£ng cao,https://www.lazada.vn/products/set-do-nu-ngu-mac-nha-tay-ngan-in-hoa-tiet-de-thuong-chat-luong-cao-i2634224023.html,39.886 â‚«,45% Off,94 ÄÃ£ bÃ¡n,(22),NÆ°á»›c ngoÃ i,73.000 â‚«,,KhÃ´ng Ã¡p dá»¥ng chÃ­nh sÃ¡ch báº£o hÃ nh,98%,KhÃ´ng Ä‘á»§ thÃ´ng tin,100%,0,0,1,0,21
13,quáº§n Ã¡o,SÃ©t Ã¡o crt polo + quáº§n bÃ² á»‘ng rá»™ng rÃ¡ch 2 gá»‘i,https://www.lazada.vn/products/set-ao-crt-polo-quan-bo-ong-rong-rach-2-goi-i1788905896.html,97.000 â‚«,,459 ÄÃ£ bÃ¡n,(121),Nam Äá»‹nh,,51.100 â‚«,3 ngÃ y tráº£ hÃ ng cho NhÃ  bÃ¡n hÃ ng,95%,KhÃ´ng Ä‘á»§ thÃ´ng tin,KhÃ´ng Ä‘á»§ thÃ´ng tin,1,3,7,10,100
14,quáº§n Ã¡o,Quáº§n legging nÃ¢ng mÃ´ng 2 tÃºi trÆ°á»›c váº£i má»‹n Ä‘áº¹p,https://www.lazada.vn/products/quan-legging-nang-mong-2-tui-truoc-vai-min-dep-i950096171.html,48.000 â‚«,26% Off,19.5K ÄÃ£ bÃ¡n,(2783),Há»“ ChÃ­ Minh,69.000 â‚«,16.500 â‚«,3 ngÃ y tráº£ hÃ ng cho NhÃ  bÃ¡n hÃ ng,97%,97%,96%,42,23,33,107,2578
15,quáº§n Ã¡o,sÃ©t bá»™ Ä‘áº¹p,https://www.lazada.vn/products/set-bo-dep-i1985473762.html,13.000 â‚«,,,,TrÃ  Vinh,,28.700 â‚«,3 ngÃ y tráº£ hÃ ng cho NhÃ  bÃ¡n hÃ ng,KhÃ´ng Ä‘á»§ thÃ´ng tin,KhÃ´ng Ä‘á»§ thÃ´ng tin,KhÃ´ng Ä‘á»§ thÃ´ng tin,0,0,0,0,0
16,quáº§n Ã¡o,"Ão hai dÃ¢y Bandana khÄƒn lá»¥a (mÃ u tráº¯ng, Ä‘en)/ Ão yáº¿m thá»• cáº©m Ä‘i biá»ƒn anashop9x",https://www.lazada.vn/products/ao-hai-day-bandana-khan-lua-mau-trang-den-ao-yem-tho-cam-di-bien-anashop9x-i1299924573.html,15.999 â‚«,70% Off,3.0K ÄÃ£ bÃ¡n,(473),HÃ  Ná»™i,54.000 â‚«,32.700 â‚«,3 ngÃ y tráº£ hÃ ng cho NhÃ  bÃ¡n hÃ ng,91%,100%,75%,18,9,18,35,394
17,quáº§n Ã¡o,"QUáº¦N ÃO Ná»®, SET ÃO Gáº¤U VÃ€ QUáº¢ ÄÃ€O KÃˆM QUáº¦N á»NG Rá»˜NG CUTE",https://www.lazada.vn/products/quan-ao-nu-set-ao-gau-va-qua-dao-kem-quan-ong-rong-cute-i1468615613.html,39.000 â‚«,40% Off,745 ÄÃ£ bÃ¡n,(167),Nam Äá»‹nh,160.000 â‚«,37.700 â‚«,3 ngÃ y tráº£ hÃ ng cho NhÃ  bÃ¡n hÃ ng,91%,100%,100%,6,0,11,11,139
18,quáº§n Ã¡o,Äá»“ ngá»§ Hai DÃ¢y Thiáº¿t Káº¿ Quyáº¿n RÅ© Thá»i Trang MÃ¹a HÃ¨ HÃ ng Má»›i DÃ nh Cho Ná»¯,https://www.lazada.vn/products/do-ngu-hai-day-thiet-ke-quyen-ru-thoi-trang-mua-he-hang-moi-danh-cho-nu-i2607936438.html,58.536 â‚«,49% Off,207 ÄÃ£ bÃ¡n,(58),NÆ°á»›c ngoÃ i,115.000 â‚«,,KhÃ´ng Ã¡p dá»¥ng chÃ­nh sÃ¡ch báº£o hÃ nh,92%,KhÃ´ng Ä‘á»§ thÃ´ng tin,100%,0,1,2,3,52
19,quáº§n Ã¡o,"Set quáº§n tÃºi há»™p thá»i trang siÃªu hot phong cÃ¡ch cÃ¡ tÃ­nh, nÄƒng Ä‘á»™ng, Set Ã¡o thun croptop cá»• polo phá»‘i mÃ u tay ngáº¯n xinh xáº¯n, Quáº§n dÃ i há»“ng siÃªu dá»… thÆ°Æ¡ng cáº¡p cao phá»‘i tÃºi há»™p á»‘ng rá»™ng hack dÃ¡ng",https://www.lazada.vn/products/set-quan-tui-hop-thoi-trang-sieu-hot-phong-cach-ca-tinh-nang-dong-set-ao-thun-croptop-co-polo-phoi-mau-tay-ngan-xinh-xan-quan-dai-hong-sieu-de-thuong-cap-cao-phoi-tui-hop-ong-rong-hack-dang-i2398752048.html,49.000 â‚«,45% Off,78 ÄÃ£ bÃ¡n,(26),Há»“ ChÃ­ Minh,189.000 â‚«,16.500 â‚«,3 ngÃ y tráº£ hÃ ng cho NhÃ  bÃ¡n hÃ ng,89%,99%,93%,1,0,2,0,23
20,quáº§n Ã¡o,"QUáº¦N ÃO Ná»®, SET ÃO INTAGRAMM KÃˆM QUáº¦N KAKI TRáº®NG",https://www.lazada.vn/products/quan-ao-nu-set-ao-intagramm-kem-quan-kaki-trang-i1987689893.html,32.783 â‚«,53% Off,253 ÄÃ£ bÃ¡n,(58),Nam Äá»‹nh,180.000 â‚«,37.700 â‚«,3 ngÃ y tráº£ hÃ ng cho NhÃ  bÃ¡n hÃ ng,91%,100%,100%,5,0,4,0,49
21,quáº§n Ã¡o,Bá»™ Äá»“ Ngá»§ Má»ng MÃ¹a HÃ¨ Tay Ngáº¯n Phong CÃ¡ch Má»›i 2023 Cho Ná»¯ [Lff0707],https://www.lazada.vn/products/bo-do-ngu-mong-mua-he-tay-ngan-phong-cach-moi-2023-cho-nu-lff0707-i2609452154.html,27.200 â‚«,26% Off,7 ÄÃ£ bÃ¡n,,NÆ°á»›c ngoÃ i,118.000 â‚«,,KhÃ´ng Ã¡p dá»¥ng chÃ­nh sÃ¡ch báº£o hÃ nh,92%,KhÃ´ng Ä‘á»§ thÃ´ng tin,100%,0,0,0,0,0
22,quáº§n Ã¡o,Oooo Ão Thun DÃ i Tay Káº» Sá»c Cá»¡ Lá»›n DÃ¡ng Rá»™ng In HÃ¬nh Cá»• TrÃ²n CÃ¡ TÃ­nh,https://www.lazada.vn/products/oooo-ao-thun-dai-tay-ke-soc-co-lon-dang-rong-in-hinh-co-tron-ca-tinh-i1406232862.html,77.000 â‚«,58% Off,441 ÄÃ£ bÃ¡n,(220),NÆ°á»›c ngoÃ i,182.000 â‚«,,KhÃ´ng Ã¡p dá»¥ng chÃ­nh sÃ¡ch báº£o hÃ nh,97%,KhÃ´ng Ä‘á»§ thÃ´ng tin,100%,2,2,0,8,209
23,quáº§n Ã¡o,Ão Ã¡o phÃ´ng ngáº¯n tay ná»¯ mÃ¹a hÃ¨,https://www.lazada.vn/products/ao-ao-phong-ngan-tay-nu-mua-he-i2368152471.html,62.667 â‚«,21% Off,105 ÄÃ£ bÃ¡n,(35),NÆ°á»›c ngoÃ i,79.000 â‚«,17.000 â‚«,KhÃ´ng Ã¡p dá»¥ng chÃ­nh sÃ¡ch báº£o hÃ nh,93%,99%,100%,0,0,0,0,35
24,quáº§n Ã¡o,Bá»™ quáº§n Ä‘Ã¹i Ã¡o thun unisex ná»¯ tay lá»¡ form rá»™ng cháº¥t cotton su in chá»¯ Gáº¤U STAY THUUNISEX B45,https://www.lazada.vn/products/bo-quan-dui-ao-thun-unisex-nu-tay-lo-form-rong-chat-cotton-su-in-chu-gau-stay-thuunisex-b45-i2547232483.html,49.000 â‚«,46% Off,24 ÄÃ£ bÃ¡n,(9),Thanh HÃ³a,90.000 â‚«,51.100 â‚«,3 ngÃ y tráº£ hÃ ng cho NhÃ  bÃ¡n hÃ ng,94%,86%,100%,0,0,1,2,6
25,quáº§n Ã¡o,Äá»“ ngá»§ ná»¯ pijama máº·c nhÃ  bá»™ ngá»§ hoáº¡t hÃ¬nh cá»™c tay quáº§n Ä‘Ã¹i mÃ¹a hÃ¨ dá»… thÆ°Æ¡ng,https://www.lazada.vn/products/do-ngu-nu-pijama-mac-nha-bo-ngu-hoat-hinh-coc-tay-quan-dui-mua-he-de-thuong-i2205793953.html,25.000 â‚«,50% Off,907 ÄÃ£ bÃ¡n,(246),Há»“ ChÃ­ Minh,71.998 â‚«,16.500 â‚«,3 ngÃ y tráº£ hÃ ng cho NhÃ  bÃ¡n hÃ ng,91%,100%,50%,5,2,6,7,226
26,quáº§n Ã¡o,Quáº§n Ä‘Ã¹i lá»¥a ná»¯ 35-50kg lÆ°ng thun lá»¥a máº·c nhÃ  thoáº£i mÃ¡i rá»™ng rÃ£i - QNU001 - Sá»‰ TÃºi Äáº¹p SG,https://www.lazada.vn/products/quan-dui-lua-nu-35-50kg-lung-thun-lua-mac-nha-thoai-mai-rong-rai-qnu001-si-tui-dep-sg-i2611480032.html,7.300 â‚«,82% Off,127 ÄÃ£ bÃ¡n,(8),Há»“ ChÃ­ Minh,39.900 â‚«,16.500 â‚«,3 ngÃ y tráº£ hÃ ng cho NhÃ  bÃ¡n hÃ ng,96%,100%,100%,0,0,0,0,8
27,quáº§n Ã¡o,Bá»™ Äá»“ Ngá»§ Tay Ngáº¯n DÃ¡ng Rá»™ng In Há»a Tiáº¿t Hoáº¡t HÃ¬nh Dá»… ThÆ°Æ¡ng Thá»i Trang XuÃ¢n Thu Cho Ná»¯,https://www.lazada.vn/products/bo-do-ngu-tay-ngan-dang-rong-in-hoa-tiet-hoat-hinh-de-thuong-thoi-trang-xuan-thu-cho-nu-i2609459081.html,41.600 â‚«,54% Off,27 ÄÃ£ bÃ¡n,(6),NÆ°á»›c ngoÃ i,91.000 â‚«,,KhÃ´ng Ã¡p dá»¥ng chÃ­nh sÃ¡ch báº£o hÃ nh,92%,KhÃ´ng Ä‘á»§ thÃ´ng tin,100%,0,0,0,0,7
28,quáº§n Ã¡o,LZD táº¡o tá»« Ä‘áº§u Quáº§n Ã¡o bÃºp bÃª Ão phÃ´ng,https://www.lazada.vn/products/lzd-tao-tu-dau-quan-ao-bup-be-ao-phong-i2615242205.html,2.500 â‚«,50% Off,,,HÃ  Ná»™i,5.000 â‚«,32.700 â‚«,3 ngÃ y tráº£ hÃ ng cho NhÃ  bÃ¡n hÃ ng,KhÃ´ng Ä‘á»§ thÃ´ng tin,KhÃ´ng Ä‘á»§ thÃ´ng tin,KhÃ´ng Ä‘á»§ thÃ´ng tin,0,0,0,0,0
29,quáº§n Ã¡o,SET BAGGY JEANS á»NG SUÃ”NG + SÆ  MI TAY DÃ€I,https://www.lazada.vn/products/set-baggy-jeans-ong-suong-so-mi-tay-dai-i1223423561.html,59.000 â‚«,,1.2K ÄÃ£ bÃ¡n,(378),Há»“ ChÃ­ Minh,,18.300 â‚«,3 ngÃ y tráº£ hÃ ng cho NhÃ  bÃ¡n hÃ ng,93%,97%,100%,5,6,7,28,332
30,quáº§n Ã¡o,Set Quáº§n Cá»™c Ão DÃ i Tay Cháº¥t Váº£i ÄÅ©i HÃ n Quá»‘c - CD,https://www.lazada.vn/products/set-quan-coc-ao-dai-tay-chat-vai-dui-han-quoc-cd-i2030363058.html,118.000 â‚«,21% Off,2.4K ÄÃ£ bÃ¡n,(550),HÆ°ng YÃªn,150.000 â‚«,37.700 â‚«,3 ngÃ y tráº£ hÃ ng cho NhÃ  bÃ¡n hÃ ng,95%,97%,98%,12,3,12,15,508
31,quáº§n Ã¡o,SÃ©t Bá»™ Coton Máº·c NhÃ  Quáº§n Caro á»ng Rá»™ng + Ão 3D Cartoon Hoáº¡t HÃ¬nh Hot Trend HÃ n Quá»‘c Xinh Xáº¯n TTSLB0128,https://www.lazada.vn/products/set-bo-coton-mac-nha-quan-caro-ong-rong-ao-3d-cartoon-hoat-hinh-hot-trend-han-quoc-xinh-xan-ttslb0128-i1235472675.html,42.075 â‚«,47% Off,500 ÄÃ£ bÃ¡n,(139),Há»“ ChÃ­ Minh,149.000 â‚«,16.500 â‚«,3 ngÃ y tráº£ hÃ ng cho NhÃ  bÃ¡n hÃ ng,88%,95%,100%,29,4,17,4,85
32,quáº§n Ã¡o,"Set Äá»“ Bá»™ Ão Thun tay Ngáº¯n In 3D Quáº§n á»ng Rá»™ng DÃ i SiÃªu CÆ°ng , Hot , Äi ChÆ¡i Cá»±c Xinh DB08200021",https://www.lazada.vn/products/set-do-bo-ao-thun-tay-ngan-in-3d-quan-ong-rong-dai-sieu-cung-hot-di-choi-cuc-xinh-db08200021-i2263024054.html,40.000 â‚«,49% Off,23 ÄÃ£ bÃ¡n,(7),Há»“ ChÃ­ Minh,130.000 â‚«,16.500 â‚«,3 ngÃ y tráº£ hÃ ng cho NhÃ  bÃ¡n hÃ ng,94%,95%,100%,0,0,0,1,6
33,quáº§n Ã¡o,Bá»™ Ä‘á»“ tole máº·c nhÃ  Quáº§n lá»­ng + Tay ngáº¯n (48-65 kg),https://www.lazada.vn/products/bo-do-tole-mac-nha-quan-lung-tay-ngan-48-65-kg-i2652841804.html,55.000 â‚«,52% Off,16 ÄÃ£ bÃ¡n,(10),Há»“ ChÃ­ Minh,129.000 â‚«,16.500 â‚«,3 ngÃ y tráº£ hÃ ng cho NhÃ  bÃ¡n hÃ ng,NhÃ  bÃ¡n hÃ ng má»›i,100%,100%,0,0,0,0,10
34,quáº§n Ã¡o,"(áº¢NH THáº¬T) Quáº§n legging dÃ i nÃ¢ng mÃ´ng cáº¡p cao mÃ u Ä‘en Ã´m body tÃ´n dÃ¡ng, quáº§n dÃ i bÃ³ cháº¥t cotton co dÃ£n 4 chiá»u phonng cÃ¡ch ulzzang, quáº§n dÃ i ná»¯ thá»i trang hÃ n quá»‘c, AMELIA",https://www.lazada.vn/products/anh-that-quan-legging-dai-nang-mong-cap-cao-mau-den-om-body-ton-dang-quan-dai-bo-chat-cotton-co-dan-4-chieu-phonng-cach-ulzzang-quan-dai-nu-thoi-trang-han-quoc-amelia-i2011467333.html,26.020 â‚«,55% Off,547 ÄÃ£ bÃ¡n,(109),HÃ  Ná»™i,78.000 â‚«,32.700 â‚«,3 ngÃ y tráº£ hÃ ng cho NhÃ  bÃ¡n hÃ ng,83%,98%,100%,28,10,5,5,61
35,quáº§n Ã¡o,"QUáº¦N ÃO Ná»®, SET ÃO THUN HÃ’NG EINSICHT KÃˆM QUáº¦N KAKI TRáº®NG",https://www.lazada.vn/products/quan-ao-nu-set-ao-thun-hong-einsicht-kem-quan-kaki-trang-i1987812291.html,39.699 â‚«,50% Off,325 ÄÃ£ bÃ¡n,(84),Nam Äá»‹nh,180.000 â‚«,37.700 â‚«,3 ngÃ y tráº£ hÃ ng cho NhÃ  bÃ¡n hÃ ng,91%,100%,100%,5,4,7,6,62
36,quáº§n Ã¡o,"Bá»™ ngá»§ pijama dÃ i tay cá»• vuÃ´ng ná»¯ ,set bá»™ Ä‘á»“ ngá»§ tiá»ƒu thÆ° tay dÃ i quáº§n dÃ i dá»… thÆ°Æ¡ng",https://www.lazada.vn/products/bo-ngu-pijama-dai-tay-co-vuong-nu-set-bo-do-ngu-tieu-thu-tay-dai-quan-dai-de-thuong-i2241219349.html,35.000 â‚«,56% Off,1.4K ÄÃ£ bÃ¡n,(299),Há»“ ChÃ­ Minh,124.000 â‚«,16.500 â‚«,3 ngÃ y tráº£ hÃ ng cho NhÃ  bÃ¡n hÃ ng,91%,100%,50%,19,8,13,12,247
37,quáº§n Ã¡o,"Bá»™ Quáº§n Ão Ná»¯, Quáº§n Short, Ão Cá»• TrÃ²n SÃ¡t NÃ¡ch, Bo Line Váº£i Bo GÃ¢n SiÃªu Xinh, Co GiÃ£n Tá»‘t, Thiáº¿t Káº¿ Sang Cháº£nh, TÃ´n DÃ¡ng, Dá»… ThÆ°Æ¡ng, Äi ChÆ¡i, Dáº¡o Phá»‘ Äá»u Äáº¹p ( Ä‘á»§ mÃ u )",https://www.lazada.vn/products/bo-quan-ao-nu-quan-short-ao-co-tron-sat-nach-bo-line-vai-bo-gan-sieu-xinh-co-gian-tot-thiet-ke-sang-chanh-ton-dang-de-thuong-di-choi-dao-pho-deu-dep-du-mau-i2394604275.html,37.079 â‚«,63% Off,548 ÄÃ£ bÃ¡n,(139),Há»“ ChÃ­ Minh,100.000 â‚«,16.500 â‚«,3 ngÃ y tráº£ hÃ ng cho NhÃ  bÃ¡n hÃ ng,85%,96%,99%,32,8,7,1,91
38,quáº§n Ã¡o,"QUáº¦N ÃO Ná»®, SET ÃO HOODIE IN HÃŒNH Gáº¤U HONEY BABY KÃˆM QUáº¦N BOM BÃ“ Gáº¤U",https://www.lazada.vn/products/quan-ao-nu-set-ao-hoodie-in-hinh-gau-honey-baby-kem-quan-bom-bo-gau-i1491402648.html,39.000 â‚«,44% Off,1.5K ÄÃ£ bÃ¡n,(328),Nam Äá»‹nh,210.000 â‚«,37.700 â‚«,3 ngÃ y tráº£ hÃ ng cho NhÃ  bÃ¡n hÃ ng,91%,100%,100%,22,13,15,49,229
39,quáº§n Ã¡o,Ão phÃ´ng ngáº¯n tay ná»¯ sá»c Ã¡o rá»™ng mÃ¹a hÃ¨,https://www.lazada.vn/products/ao-phong-ngan-tay-nu-soc-ao-rong-mua-he-i2439314629.html,57.713 â‚«,16% Off,20 ÄÃ£ bÃ¡n,(13),NÆ°á»›c ngoÃ i,69.000 â‚«,17.000 â‚«,KhÃ´ng Ã¡p dá»¥ng chÃ­nh sÃ¡ch báº£o hÃ nh,93%,99%,100%,1,0,3,0,9
40,quáº§n Ã¡o,"CÃ³ size 75kg quáº§n may ly gáº¥u quáº§n baggy Thun TÄƒm co giÃ£n cá»±c Ä‘á»‰nh, má»‹n mÃ¡t thá»i trang",https://www.lazada.vn/products/co-size-75kg-quan-may-ly-gau-quan-baggy-thun-tam-co-gian-cuc-dinh-min-mat-thoi-trang-i2458295959.html,76.000 â‚«,47% Off,133 ÄÃ£ bÃ¡n,(36),Há»“ ChÃ­ Minh,142.200 â‚«,16.500 â‚«,3 ngÃ y tráº£ hÃ ng cho NhÃ  bÃ¡n hÃ ng,95%,97%,100%,0,0,1,0,35
41,quáº§n Ã¡o,[2 SIZE 45-68KG TÃ™Y CHIá»€U CAO] Äá»’ Bá»˜ THUN Láº NH ÄÃ™I DÃ‚Y NÆ  TRÆ N SIÃŠU Dá»„ THÆ¯Æ NG TÃ™Y CHIá»€U CAO,https://www.lazada.vn/products/2-size-45-68kg-tuy-chieu-cao-do-bo-thun-lanh-dui-day-no-tron-sieu-de-thuong-tuy-chieu-cao-i1225867315.html,34.000 â‚«,56% Off,3.3K ÄÃ£ bÃ¡n,(964),Há»“ ChÃ­ Minh,78.000 â‚«,16.500 â‚«,3 ngÃ y tráº£ hÃ ng cho NhÃ  bÃ¡n hÃ ng,96%,93%,97%,11,7,12,25,910
42,quáº§n Ã¡o,Ão Thun Ná»¯ Tay Ngáº¯n Ã¡o in hÃ¬nh mÃ´i ngáº¯n tay dÃ¡ng rá»™ng mÃ¹a hÃ¨,https://www.lazada.vn/products/ao-thun-nu-tay-ngan-ao-in-hinh-moi-ngan-tay-dang-rong-mua-he-i2365890630.html,60.523 â‚«,50% Off,53 ÄÃ£ bÃ¡n,(13),Há»“ ChÃ­ Minh,120.000 â‚«,17.000 â‚«,KhÃ´ng Ã¡p dá»¥ng chÃ­nh sÃ¡ch báº£o hÃ nh,93%,99%,100%,1,1,1,1,10
43,quáº§n Ã¡o,"Bá»™ máº«u hoáº¡ tiáº¿t theo phong cÃ¡ch Tháº§y ThÃ­ch Minh Tuá»‡ cháº¥t liá»‡u thun thÃ¡i in nhiá»‡t 3D quáº§n Ä‘Ã¹i tay ngáº¯n cho cha, máº¹, bÃ© Tá»ª 7KG Äáº¾N 85KG hoáº¡ tiáº¿t hoáº¡t hÃ¬nh dá»… thÆ°Æ¡ng, cháº¥t thun má»m - má»‹n - mÃ¡t",https://www.lazada.vn/products/bo-mau-hoa-tiet-theo-phong-cach-thay-thich-minh-tue-chat-lieu-thun-thai-in-nhiet-3d-quan-dui-tay-ngan-cho-cha-me-be-tu-7kg-den-85kg-hoa-tiet-hoat-hinh-de-thuong-chat-thun-mem-min-mat-i2664498401.html,40.000 â‚«,,,,Cáº§n ThÆ¡,,32.200 â‚«,3 ngÃ y tráº£ hÃ ng cho NhÃ  bÃ¡n hÃ ng,97%,100%,42%,0,0,0,0,0
44,quáº§n Ã¡o,Bá»™ Quáº§n Ão Baggy BOBÃ”R Ão Thun Tay Lá»¡ káº» 2 tay Quáº§n Ão Cháº¥t Cotton DÃ y Dáº·n DÃ¡ng Rá»™ng Nam Ná»¯,https://www.lazada.vn/products/bo-quan-ao-baggy-bobor-ao-thun-tay-lo-ke-2-tay-quan-ao-chat-cotton-day-dan-dang-rong-nam-nu-i2638102183.html,36.924 â‚«,46% Off,,(2),HÃ  Ná»™i,69.000 â‚«,32.700 â‚«,3 ngÃ y tráº£ hÃ ng cho NhÃ  bÃ¡n hÃ ng,91%,99%,66%,0,0,0,0,2
45,quáº§n Ã¡o,"Set Äá»“ Bá»™ Ão Thun Cotton In Chá»¯ 3D Chuá»™t MÃ u Loang Phá»‘i Quáº§n ÄÃ¹i SiÃªu CÆ°ng , Hot , Äi ChÆ¡i Cá»±c Xinh DB621145",https://www.lazada.vn/products/set-do-bo-ao-thun-cotton-in-chu-3d-chuot-mau-loang-phoi-quan-dui-sieu-cung-hot-di-choi-cuc-xinh-db621145-i2401277353.html,40.000 â‚«,50% Off,1.4K ÄÃ£ bÃ¡n,(345),Há»“ ChÃ­ Minh,123.000 â‚«,16.500 â‚«,3 ngÃ y tráº£ hÃ ng cho NhÃ  bÃ¡n hÃ ng,94%,95%,100%,9,1,10,9,316
46,quáº§n Ã¡o,CHU MAN JIA Ã¡o ngá»§ cho Phá»¥ ná»¯ mÃ¹a hÃ¨ khÃ´ng tay ngoáº¡i cá»¡ cotton lá»¥a giá»¯a chiá»u dÃ i cháº¥t liá»‡u bÃ´ng nhÃ¢n táº¡o Äáº§m rá»™ng trung niÃªn vÃ  ngÆ°á»i giÃ  Ä‘á»“ ngá»§ máº·c nhÃ  Ä‘á»“ ngá»§ ná»¯ máº·c nhÃ  vÃ¡y ngá»§ sexy 2 dÃ¢y,https://www.lazada.vn/products/chu-man-jia-ao-ngu-cho-phu-nu-mua-he-khong-tay-ngoai-co-cotton-lua-giua-chieu-dai-chat-lieu-bong-nhan-tao-dam-rong-trung-nien-va-nguoi-gia-do-ngu-mac-nha-do-ngu-nu-mac-nha-vay-ngu-sexy-2-day-i2490111798.html,63.000 â‚«,54% Off,2.1K ÄÃ£ bÃ¡n,(937),NÆ°á»›c ngoÃ i,137.600 â‚«,,KhÃ´ng Ã¡p dá»¥ng chÃ­nh sÃ¡ch báº£o hÃ nh,97%,KhÃ´ng Ä‘á»§ thÃ´ng tin,100%,3,1,14,26,893
47,quáº§n Ã¡o,Bá»™ Ä‘á»“ Ã¡o BBR kÃ¨m quáº§n sooc(cÃ³ bÃ¡n láº» Ã¡o),https://www.lazada.vn/products/bo-do-ao-bbr-kem-quan-soocco-ban-le-ao-i2317427086.html,39.699 â‚«,12% Off,236 ÄÃ£ bÃ¡n,(76),Nam Äá»‹nh,45.000 â‚«,37.700 â‚«,3 ngÃ y tráº£ hÃ ng cho NhÃ  bÃ¡n hÃ ng,93%,99%,80%,3,0,3,5,66
48,quáº§n Ã¡o,Set Ä‘á»“ ná»¯ máº·c nhÃ  ráº» Ä‘áº¹p mÃ¹a hÃ¨ bá»™ Ä‘Ã¹i ná»¯ bá»™ quáº§n Ã¡o ná»¯ cháº¥t thun cotton in chá»¯ The Thá»i XÆ°á»Ÿng May Thanh Nga WQA 036,https://www.lazada.vn/products/set-do-nu-mac-nha-re-dep-mua-he-bo-dui-nu-bo-quan-ao-nu-chat-thun-cotton-in-chu-the-thoi-xuong-may-thanh-nga-wqa-036-i2579011508.html,33.489 â‚«,66% Off,132 ÄÃ£ bÃ¡n,(71),HÃ  Ná»™i,98.000 â‚«,38.000 â‚«,3 ngÃ y tráº£ hÃ ng cho NhÃ  bÃ¡n hÃ ng,64%,100%,79%,14,4,0,0,53
49,quáº§n Ã¡o,"Bá»™ máº«u hoáº¡ tiáº¿t BÃ¡o há»“ng quáº§n Ä‘Ã¹i tay ngáº¯n cho cha, máº¹, bÃ© Tá»ª 7KG Äáº¾N 70KG hoáº¡ tiáº¿t hoáº¡t hÃ¬nh dá»… thÆ°Æ¡ng, cháº¥t thun má»m - má»‹n - mÃ¡t",https://www.lazada.vn/products/bo-mau-hoa-tiet-bao-hong-quan-dui-tay-ngan-cho-cha-me-be-tu-7kg-den-70kg-hoa-tiet-hoat-hinh-de-thuong-chat-thun-mem-min-mat-i2635424282.html,40.000 â‚«,,47 ÄÃ£ bÃ¡n,(6),Cáº§n ThÆ¡,65.000 â‚«,28.700 â‚«,3 ngÃ y tráº£ hÃ ng cho NhÃ  bÃ¡n hÃ ng,97%,100%,42%,0,1,0,0,5
50,quáº§n Ã¡o,Bá»™ Ä‘á»“ ngá»§ váº£i lá»¥a satin thoáº£i mÃ¡i há»a tiáº¿t cáº­u bÃ© bÃºt chÃ¬ Shin Chan dÃ nh cho nam vÃ  ná»¯ size M-3XL,https://www.lazada.vn/products/bo-do-ngu-vai-lua-satin-thoai-mai-hoa-tiet-cau-be-but-chi-shin-chan-danh-cho-nam-va-nu-size-m-3xl-i2634050637.html,115.000 â‚«,36% Off,,(1),NÆ°á»›c ngoÃ i,180.000 â‚«,,KhÃ´ng Ã¡p dá»¥ng chÃ­nh sÃ¡ch báº£o hÃ nh,98%,KhÃ´ng Ä‘á»§ thÃ´ng tin,100%,0,0,0,0,1
51,quáº§n Ã¡o,Bá»™ Äá»“ Ngá»§ Ão Tay Ngáº¯n In Há»a Tiáº¿t Gáº¥u VÃ  DÃ¢u TÃ¢y Dá»… ThÆ°Æ¡ng Thá»i Trang MÃ¹a HÃ¨ Cho Ná»¯,https://www.lazada.vn/products/bo-do-ngu-ao-tay-ngan-in-hoa-tiet-gau-va-dau-tay-de-thuong-thoi-trang-mua-he-cho-nu-i2634161278.html,75.654 â‚«,54% Off,27 ÄÃ£ bÃ¡n,(14),NÆ°á»›c ngoÃ i,165.000 â‚«,,KhÃ´ng Ã¡p dá»¥ng chÃ­nh sÃ¡ch báº£o hÃ nh,98%,KhÃ´ng Ä‘á»§ thÃ´ng tin,100%,0,0,0,0,14
52,quáº§n Ã¡o,Bá»™ Äá»“ Ngá»§ Tay Ngáº¯n Phong CÃ¡ch Thá»i Trang Má»›i 2023 Cho Ná»¯ [Lff0831],https://www.lazada.vn/products/bo-do-ngu-tay-ngan-phong-cach-thoi-trang-moi-2023-cho-nu-lff0831-i2607911648.html,60.739 â‚«,59% Off,35 ÄÃ£ bÃ¡n,(5),NÆ°á»›c ngoÃ i,149.000 â‚«,,KhÃ´ng Ã¡p dá»¥ng chÃ­nh sÃ¡ch báº£o hÃ nh,92%,KhÃ´ng Ä‘á»§ thÃ´ng tin,100%,0,0,0,1,4
53,quáº§n Ã¡o,Bá»™ Ä‘á»“ cotton ná»¯ - set Ä‘á»“ ná»¯ thá»i trang máº·c nhÃ  hoáº·c Ä‘i chÆ¡i (nhiá»u mÃ u) Thá»i Zenko WQA 033,https://www.lazada.vn/products/bo-do-cotton-nu-set-do-nu-thoi-trang-mac-nha-hoac-di-choi-nhieu-mau-thoi-zenko-wqa-033-i2579084096.html,33.489 â‚«,66% Off,15 ÄÃ£ bÃ¡n,(2),HÃ  Ná»™i,98.000 â‚«,38.000 â‚«,3 ngÃ y tráº£ hÃ ng cho NhÃ  bÃ¡n hÃ ng,65%,100%,84%,1,0,0,0,1
54,quáº§n Ã¡o,QUáº¦N THUN DÃ€I Ã”M LEGGENG Ná»® CO DÃƒNG 4 CHIá»€U DÃ€Y Dáº¶N Má»€N Máº I,https://www.lazada.vn/products/quan-thun-dai-om-leggeng-nu-co-dang-4-chieu-day-dan-men-mai-i1369860054.html,30.913 â‚«,61% Off,9.2K ÄÃ£ bÃ¡n,(1586),Há»“ ChÃ­ Minh,80.000 â‚«,16.500 â‚«,3 ngÃ y tráº£ hÃ ng cho NhÃ  bÃ¡n hÃ ng,96%,100%,100%,N/A,N/A,N/A,N/A,N/A
55,quáº§n Ã¡o,COMPO 3 CÃI QUáº¦N DÃ€I Ná»® POLI PHá»I LÆ¯NG Váº¢I CO GIÃƒN. 45 Äáº¾N 68.69.70kG. Táº¶NG QUÃ€,https://www.lazada.vn/products/compo-3-cai-quan-dai-nu-poli-phoi-lung-vai-co-gian-45-den-686970kg-tang-qua-i1399262347.html,42.900 â‚«,86% Off,82 ÄÃ£ bÃ¡n,(15),Há»“ ChÃ­ Minh,300.000 â‚«,18.300 â‚«,3 ngÃ y tráº£ hÃ ng cho NhÃ  bÃ¡n hÃ ng,99%,95%,100%,0,0,0,0,15
56,quáº§n Ã¡o,Ão phÃ´ng tuylip form rá»™ng tÃºi zip 2 mÃ u Ä‘en tráº¯ng basic in ná»•i,https://www.lazada.vn/products/ao-phong-tuylip-form-rong-tui-zip-2-mau-den-trang-basic-in-noi-i1963697757.html,29.000 â‚«,47% Off,38 ÄÃ£ bÃ¡n,(9),PhÃº Thá»,55.000 â‚«,37.700 â‚«,3 ngÃ y tráº£ hÃ ng cho NhÃ  bÃ¡n hÃ ng,93%,60%,100%,1,0,0,0,8
57,quáº§n Ã¡o,Bá»™ Äá»“ Ngá»§ Tay Ngáº¯n DÃ¡ng Rá»™ng Thá»i Trang MÃ¹a HÃ¨ Dá»… ThÆ°Æ¡ng Cho Ná»¯ [Lff0704],https://www.lazada.vn/products/bo-do-ngu-tay-ngan-dang-rong-thoi-trang-mua-he-de-thuong-cho-nu-lff0704-i2607886000.html,30.562 â‚«,69% Off,65 ÄÃ£ bÃ¡n,(20),NÆ°á»›c ngoÃ i,99.000 â‚«,,KhÃ´ng Ã¡p dá»¥ng chÃ­nh sÃ¡ch báº£o hÃ nh,92%,KhÃ´ng Ä‘á»§ thÃ´ng tin,100%,0,0,0,4,16
58,quáº§n Ã¡o,(CÃ³ size) Äá»“ Bá»™ Ná»¯ ÄÅ¨I Xá»P CAO Cáº¤P tay ngáº¯n quáº§n Ä‘Ã¹i kiá»ƒu dÃ¡ng Ä‘áº¹p váº£i mÃ¡t sang trá»ng.,https://www.lazada.vn/products/co-size-do-bo-nu-dui-xop-cao-cap-tay-ngan-quan-dui-kieu-dang-dep-vai-mat-sang-trong-i358194890.html,82.707 â‚«,62% Off,209 ÄÃ£ bÃ¡n,(39),HÃ  Ná»™i,220.000 â‚«,32.700 â‚«,3 ngÃ y tráº£ hÃ ng cho NhÃ  bÃ¡n hÃ ng,97%,99%,94%,1,2,1,1,34
59,quáº§n Ã¡o,COMPO 3 CÃI QUáº¦N DÃ€I Ná»® POLI Váº¢I CO GIÃƒN. 45 Äáº¾N 68.69.70kG. Táº¶NG QUÃ€,https://www.lazada.vn/products/compo-3-cai-quan-dai-nu-poli-vai-co-gian-45-den-686970kg-tang-qua-i1393936701.html,45.740 â‚«,54% Off,801 ÄÃ£ bÃ¡n,(252),Há»“ ChÃ­ Minh,100.000 â‚«,18.300 â‚«,3 ngÃ y tráº£ hÃ ng cho NhÃ  bÃ¡n hÃ ng,99%,95%,100%,0,0,2,8,242
60,quáº§n Ã¡o,Set Bá»™ Ão Thun Phom Rá»™ng Quáº§n Thun Ã”m Legging Ngá»‘,https://www.lazada.vn/products/set-bo-ao-thun-phom-rong-quan-thun-om-legging-ngo-i1796307042.html,59.000 â‚«,50% Off,3.0K ÄÃ£ bÃ¡n,(399),HÃ  Ná»™i,119.000 â‚«,32.700 â‚«,3 ngÃ y tráº£ hÃ ng cho NhÃ  bÃ¡n hÃ ng,91%,100%,100%,26,6,20,22,324
61,quáº§n Ã¡o,Ão Thun Ngáº¯n Tay Xáº» TÃ  Báº¥t Äá»‘i Xá»©ng 2022 Quáº§n Ão DÃ i Sau LÆ°ng Ngáº¯n DÃ¡ng Rá»™ng Má»›i MÃ¹a HÃ¨ Cho Ná»¯ Há»£p Thá»i Trang,https://www.lazada.vn/products/ao-thun-ngan-tay-xe-ta-bat-doi-xung-2022-quan-ao-dai-sau-lung-ngan-dang-rong-moi-mua-he-cho-nu-hop-thoi-trang-i1859849610.html,45.614 â‚«,43% Off,1.7K ÄÃ£ bÃ¡n,(379),Há»“ ChÃ­ Minh,120.000 â‚«,37.700 â‚«,KhÃ´ng Ã¡p dá»¥ng chÃ­nh sÃ¡ch báº£o hÃ nh,93%,99%,60%,7,3,12,17,340
62,quáº§n Ã¡o,"SÃ©t Bá»™ Thá»ƒ Thao Nam Ná»¯ Phá»‘i Chá»¯ Hot Trend, Cháº¥t Liá»‡u Váº£i Cotton Co GiÃ£n Máº«u Hot 2021",https://www.lazada.vn/products/set-bo-the-thao-nam-nu-phoi-chu-hot-trend-chat-lieu-vai-cotton-co-gian-mau-hot-2021-i1636591061.html,30.000 â‚«,50% Off,477 ÄÃ£ bÃ¡n,(136),Há»“ ChÃ­ Minh,60.000 â‚«,18.300 â‚«,3 ngÃ y tráº£ hÃ ng cho NhÃ  bÃ¡n hÃ ng,95%,98%,81%,3,3,4,8,118
63,quáº§n Ã¡o,Set Ä‘á»“ ná»¯ máº·c nhÃ  ráº» Ä‘áº¹p mÃ¹a hÃ¨ bá»™ Ä‘Ã¹i ná»¯ bá»™ quáº§n Ã¡o ná»¯ cháº¥t thun cotton in chá»¯ The Thá»i Mway WQA 036,https://www.lazada.vn/products/set-do-nu-mac-nha-re-dep-mua-he-bo-dui-nu-bo-quan-ao-nu-chat-thun-cotton-in-chu-the-thoi-mway-wqa-036-i2579047241.html,33.489 â‚«,66% Off,46 ÄÃ£ bÃ¡n,(19),HÃ  Ná»™i,98.000 â‚«,38.000 â‚«,3 ngÃ y tráº£ hÃ ng cho NhÃ  bÃ¡n hÃ ng,62%,100%,75%,5,0,0,0,14
64,quáº§n Ã¡o,Bá»™ Äá»“ Ngá»§ Ngáº¯n Tay Há»a Tiáº¿t shin Cáº­u BÃ© BÃºt ChÃ¬ Kiá»ƒu Nháº­t HÃ n Thá»i Trang MÃ¹a HÃ¨ Cho Ná»¯,https://www.lazada.vn/products/bo-do-ngu-ngan-tay-hoa-tiet-shin-cau-be-but-chi-kieu-nhat-han-thoi-trang-mua-he-cho-nu-i2609470030.html,79.016 â‚«,58% Off,8 ÄÃ£ bÃ¡n,(3),NÆ°á»›c ngoÃ i,188.000 â‚«,,KhÃ´ng Ã¡p dá»¥ng chÃ­nh sÃ¡ch báº£o hÃ nh,92%,KhÃ´ng Ä‘á»§ thÃ´ng tin,100%,0,0,0,1,2
65,quáº§n Ã¡o,Bá»™ Äá»“ Ngá»§ 2 MÃ³n In Há»a Tiáº¿t Hoáº¡t HÃ¬nh Nhiá»u MÃ u Sáº¯c Thá»i Trang MÃ¹a HÃ¨ Cho Ná»¯ Size M-5XL,https://www.lazada.vn/products/bo-do-ngu-2-mon-in-hoa-tiet-hoat-hinh-nhieu-mau-sac-thoi-trang-mua-he-cho-nu-size-m-5xl-i2607834870.html,66.000 â‚«,30% Off,21 ÄÃ£ bÃ¡n,(7),NÆ°á»›c ngoÃ i,94.000 â‚«,,KhÃ´ng Ã¡p dá»¥ng chÃ­nh sÃ¡ch báº£o hÃ nh,92%,KhÃ´ng Ä‘á»§ thÃ´ng tin,100%,0,0,0,0,7
66,quáº§n Ã¡o,[HCM]Set quáº§n short Ã¡o tay lá»¡ Ä‘a dáº¡ng mÃ u sáº¯c,https://www.lazada.vn/products/hcmset-quan-short-ao-tay-lo-da-dang-mau-sac-i1407563978.html,89.000 â‚«,,512 ÄÃ£ bÃ¡n,(94),LÃ¢m Äá»“ng,,28.700 â‚«,3 ngÃ y tráº£ hÃ ng cho NhÃ  bÃ¡n hÃ ng,98%,92%,100%,1,1,1,2,89
67,quáº§n Ã¡o,"[CÃ³ size 45-75kg] Äá»“ bá»™ ná»¯, bá»™ ngá»§ Ä‘Ã¹i thun láº¡nh cÃ¡nh tiÃªn",https://www.lazada.vn/products/co-size-45-75kg-do-bo-nu-bo-ngu-dui-thun-lanh-canh-tien-i1694662979.html,38.000 â‚«,37% Off,1.8K ÄÃ£ bÃ¡n,(248),Há»“ ChÃ­ Minh,60.000 â‚«,16.500 â‚«,3 ngÃ y tráº£ hÃ ng cho NhÃ  bÃ¡n hÃ ng,98%,98%,100%,6,0,4,6,232
68,quáº§n Ã¡o,"Combo 3 cÃ¡i 100k, Quáº§n Jogger Nam Ná»¯ Cháº¡y Viá»n 1 Sá»c Thá»i Trang ( cÃ³ bo chÃ¢n )",https://www.lazada.vn/products/combo-3-cai-100k-quan-jogger-nam-nu-chay-vien-1-soc-thoi-trang-co-bo-chan-i1747321955.html,39.000 â‚«,34% Off,73 ÄÃ£ bÃ¡n,(16),Há»“ ChÃ­ Minh,177.000 â‚«,18.300 â‚«,3 ngÃ y tráº£ hÃ ng cho NhÃ  bÃ¡n hÃ ng,96%,100%,100%,N/A,N/A,N/A,N/A,N/A
69,quáº§n Ã¡o,"âŒâŒ Äá»“ bá»™ Ä‘Ã¹i 2 dÃ¢y Ä‘Ã­nh nÆ¡ caro máº·c nhÃ , Ä‘á»“ bá»™ tiá»ƒu thÆ° chipchip90",https://www.lazada.vn/products/do-bo-dui-2-day-dinh-no-caro-mac-nha-do-bo-tieu-thu-chipchip90-i2313617897.html,39.500 â‚«,50% Off,111 ÄÃ£ bÃ¡n,(23),Há»“ ChÃ­ Minh,79.000 â‚«,16.500 â‚«,3 ngÃ y tráº£ hÃ ng cho NhÃ  bÃ¡n hÃ ng,96%,63%,33%,3,0,0,0,20
70,quáº§n Ã¡o,3 CÃI QUáº¦N DÃ€I Ná»® BAO Äá»”I TRáº¢ Táº¶NG QUÃ€,https://www.lazada.vn/products/3-cai-quan-dai-nu-bao-doi-tra-tang-qua-i1185212405.html,37.172 â‚«,63% Off,147 ÄÃ£ bÃ¡n,(37),Há»“ ChÃ­ Minh,100.000 â‚«,18.300 â‚«,3 ngÃ y tráº£ hÃ ng cho NhÃ  bÃ¡n hÃ ng,97%,82%,50%,0,0,0,1,37
71,quáº§n Ã¡o,Bá»™ Äá»“ Ngá»§ Ngáº¯n Tay Cá»¡ Lá»›n Thá»i Trang MÃ¹a HÃ¨ 2023 Má»›i,https://www.lazada.vn/products/bo-do-ngu-ngan-tay-co-lon-thoi-trang-mua-he-2023-moi-i2609439258.html,73.443 â‚«,45% Off,17 ÄÃ£ bÃ¡n,(9),NÆ°á»›c ngoÃ i,159.834 â‚«,,KhÃ´ng Ã¡p dá»¥ng chÃ­nh sÃ¡ch báº£o hÃ nh,92%,KhÃ´ng Ä‘á»§ thÃ´ng tin,100%,0,0,1,0,9
72,quáº§n Ã¡o,Ão Thun Ná»¯ Ngáº¯n Tay Sá»C Cáº§U Vá»“Ng dÃ¡ng rá»™ng phong cÃ¡ch Ins,https://www.lazada.vn/products/ao-thun-nu-ngan-tay-soc-cau-vong-dang-rong-phong-cach-ins-i2649829662.html,39.564 â‚«,44% Off,,,NÆ°á»›c ngoÃ i,71.215 â‚«,,KhÃ´ng Ã¡p dá»¥ng chÃ­nh sÃ¡ch báº£o hÃ nh,86%,KhÃ´ng Ä‘á»§ thÃ´ng tin,100%,0,0,0,0,0
73,quáº§n Ã¡o,"Set Äá»“ Bá»™ Ão Thun In chá»¯ B 2 máº·t Tay Ão KhÃ¡c MÃ u Phá»‘i Quáº§n ÄÃ¹i SiÃªu CÆ°ng , Hot , Äi ChÆ¡i Cá»±c Xinh",https://www.lazada.vn/products/set-do-bo-ao-thun-in-chu-b-2-mat-tay-ao-khac-mau-phoi-quan-dui-sieu-cung-hot-di-choi-cuc-xinh-i2607258236.html,95.000 â‚«,32% Off,28 ÄÃ£ bÃ¡n,(10),Há»“ ChÃ­ Minh,140.000 â‚«,16.500 â‚«,3 ngÃ y tráº£ hÃ ng cho NhÃ  bÃ¡n hÃ ng,94%,95%,100%,0,0,0,0,10
74,quáº§n Ã¡o,Äá»“ Bá»™ ÄÃ¹i CÃ¡nh tiÃªn Váº£i ÄÅ©i Xá»‹n Má»m Máº¡i - Freesize DÆ°á»›i 58kg - Äá»“ Bá»™ Máº·c NhÃ  Xinh Xáº¯n - Shop NguyÃªn KhÃ¡nh Store,https://www.lazada.vn/products/do-bo-dui-canh-tien-vai-dui-xin-mem-mai-freesize-duoi-58kg-do-bo-mac-nha-xinh-xan-shop-nguyen-khanh-store-i2428488104.html,39.000 â‚«,51% Off,87 ÄÃ£ bÃ¡n,(31),Há»“ ChÃ­ Minh,80.000 â‚«,16.500 â‚«,3 ngÃ y tráº£ hÃ ng cho NhÃ  bÃ¡n hÃ ng,96%,97%,86%,2,2,0,0,27
75,quáº§n Ã¡o,Set Ä‘á»“ bá»™ ná»¯ máº·c nhÃ  ráº» Ä‘áº¹p mÃ¹a hÃ¨ bá»™ Ä‘Ã¹i thá»ƒ thao ná»¯ bá»™ quáº§n Ã¡o Ä‘Ã¹i ná»¯ cháº¥t thun coton in gáº¥u cá»¥t Thá»i Rich Man WQA 041,https://www.lazada.vn/products/set-do-bo-nu-mac-nha-re-dep-mua-he-bo-dui-the-thao-nu-bo-quan-ao-dui-nu-chat-thun-coton-in-gau-cut-thoi-rich-man-wqa-041-i2579002702.html,33.489 â‚«,66% Off,47 ÄÃ£ bÃ¡n,(22),HÃ  Ná»™i,98.000 â‚«,38.000 â‚«,3 ngÃ y tráº£ hÃ ng cho NhÃ  bÃ¡n hÃ ng,66%,100%,80%,5,3,1,0,13
76,quáº§n Ã¡o,Bá»™ Quáº§n Ão thun Nam Ná»¯ Há»a Tiáº¿t BÃ’ Sá»®A Ä‘á»™c Ä‘áº¹p váº£i thun láº¡nh siÃªu mÃ¡t thiáº¿t káº¿ thá»i trang,https://www.lazada.vn/products/bo-quan-ao-thun-nam-nu-hoa-tiet-bo-sua-doc-dep-vai-thun-lanh-sieu-mat-thiet-ke-thoi-trang-i1303654569.html,27.879 â‚«,60% Off,4.2K ÄÃ£ bÃ¡n,(431),Há»“ ChÃ­ Minh,70.000 â‚«,18.300 â‚«,3 ngÃ y tráº£ hÃ ng cho NhÃ  bÃ¡n hÃ ng,85%,96%,99%,52,23,33,55,647
77,quáº§n Ã¡o,Set Quáº§n SuÃ´ng + Ão Báº¹t Vai BÃ¨o,https://www.lazada.vn/products/set-quan-suong-ao-bet-vai-beo-i1943696250.html,75.000 â‚«,,995 ÄÃ£ bÃ¡n,(193),Há»“ ChÃ­ Minh,,18.300 â‚«,3 ngÃ y tráº£ hÃ ng cho NhÃ  bÃ¡n hÃ ng,92%,99%,60%,5,5,12,13,158
78,quáº§n Ã¡o,Quáº§n Thá»ƒ Thao Jogger Ná»¯ Thá»i Trang BT Fashion (TÃºi Há»™p) JO01,https://www.lazada.vn/products/quan-the-thao-jogger-nu-thoi-trang-bt-fashion-tui-hop-jo01-i1571908042.html,54.297 â‚«,45% Off,295 ÄÃ£ bÃ¡n,(69),Há»“ ChÃ­ Minh,98.000 â‚«,16.500 â‚«,3 ngÃ y tráº£ hÃ ng cho NhÃ  bÃ¡n hÃ ng,78%,100%,100%,5,0,2,4,58
79,quáº§n Ã¡o,"Set Ä‘á»“ bá»™ ná»¯ váº£i lvoan quáº§n lá»­ng má»m min máº·c thoÃ¡ng mÃ¡t,nháº¹ nhÃ ng.",https://www.lazada.vn/products/set-do-bo-nu-vai-lvoan-quan-lung-mem-min-mac-thoang-matnhe-nhang-i2219253038.html,50.663 â‚«,57% Off,64 ÄÃ£ bÃ¡n,(13),Long An,118.000 â‚«,28.700 â‚«,3 ngÃ y tráº£ hÃ ng cho NhÃ  bÃ¡n hÃ ng,96%,100%,33%,0,1,0,0,12
80,quáº§n Ã¡o,Set Äá»“ Bá»™ Ná»¯ Ão Cá»• Tim KÃ¨m ChÃ¢n VÃ¡y Xáº¿p Li Phá»‘i Viá»n MÃ u Cháº¥t Váº£i TÄƒm Láº¡nh Phá»‘i Logo ThÃªu - TP88,https://www.lazada.vn/products/set-do-bo-nu-ao-co-tim-kem-chan-vay-xep-li-phoi-vien-mau-chat-vai-tam-lanh-phoi-logo-theu-tp88-i2620522284.html,44.500 â‚«,56% Off,176 ÄÃ£ bÃ¡n,(52),Há»“ ChÃ­ Minh,250.000 â‚«,16.500 â‚«,3 ngÃ y tráº£ hÃ ng cho NhÃ  bÃ¡n hÃ ng,93%,99%,88%,1,0,0,1,50
81,quáº§n Ã¡o,Bá»™ Ä‘á»“ cotton ná»¯ - set Ä‘á»“ ná»¯ thá»i trang máº·c nhÃ  hoáº·c Ä‘i chÆ¡i (nhiá»u mÃ u) Thá»i Mway WQA 033,https://www.lazada.vn/products/bo-do-cotton-nu-set-do-nu-thoi-trang-mac-nha-hoac-di-choi-nhieu-mau-thoi-mway-wqa-033-i2579017463.html,33.489 â‚«,66% Off,85 ÄÃ£ bÃ¡n,(25),HÃ  Ná»™i,98.000 â‚«,38.000 â‚«,3 ngÃ y tráº£ hÃ ng cho NhÃ  bÃ¡n hÃ ng,62%,100%,75%,6,2,0,1,16
82,quáº§n Ã¡o,Ão Thun Ná»¯ ThÃ­ch Minh Tuá»‡ Ão PhÃ´ng ThÃ­ch Minh Tuá»‡ Cá»• TrÃ²n Cháº¥t Liá»‡u ThoÃ¡ng MÃ¡t,https://www.lazada.vn/products/ao-thun-nu-thich-minh-tue-ao-phong-thich-minh-tue-co-tron-chat-lieu-thoang-mat-i2662745784.html,55.000 â‚«,39% Off,6 ÄÃ£ bÃ¡n,,Nam Äá»‹nh,90.000 â‚«,37.700 â‚«,3 ngÃ y tráº£ hÃ ng cho NhÃ  bÃ¡n hÃ ng,92%,100%,100%,0,0,0,0,0
83,quáº§n Ã¡o,Quáº§n á»ng Rá»™ng DÃ¡ng Bom Form Lá»¡ Cháº¥m Bi HÃ¬nh NÆ¡ Má»m MÃ¡t,https://www.lazada.vn/products/quan-ong-rong-dang-bom-form-lo-cham-bi-hinh-no-mem-mat-i2647412761.html,99.000 â‚«,38% Off,11 ÄÃ£ bÃ¡n,(9),HÃ  Ná»™i,160.000 â‚«,32.700 â‚«,3 ngÃ y tráº£ hÃ ng cho NhÃ  bÃ¡n hÃ ng,99%,98%,100%,0,0,0,0,9
84,quáº§n Ã¡o,"SÃ©t Ão thun Be Lucky+ quáº§n káº» karo nhiá»u mÃ u, Ão phÃ´ng from rá»™ng, cháº¥t váº£i mÃ¡t, thiáº¿t káº¿ phong cÃ¡ch cÃ¡ tÃ­nh - MIMOSA",https://www.lazada.vn/products/set-ao-thun-be-lucky-quan-ke-karo-nhieu-mau-ao-phong-from-rong-chat-vai-mat-thiet-ke-phong-cach-ca-tinh-mimosa-i2202926276.html,50.663 â‚«,57% Off,136 ÄÃ£ bÃ¡n,(42),Nam Äá»‹nh,210.000 â‚«,37.700 â‚«,3 ngÃ y tráº£ hÃ ng cho NhÃ  bÃ¡n hÃ ng,86%,100%,100%,2,0,0,3,37
85,quáº§n Ã¡o,Set Bá»™ Ão Thun Polo Bat.tle Form Rá»™ng Mix Quáº§n ÄÃ¹i,https://www.lazada.vn/products/set-bo-ao-thun-polo-battle-form-rong-mix-quan-dui-i2306107202.html,45.535 â‚«,52% Off,370 ÄÃ£ bÃ¡n,(122),HÃ  Ná»™i,94.000 â‚«,32.700 â‚«,3 ngÃ y tráº£ hÃ ng cho NhÃ  bÃ¡n hÃ ng,91%,98%,57%,4,2,4,11,101
86,quáº§n Ã¡o,Äá»’ Bá»˜ NGá»¦ THUN Láº NH Cá»” TIM DÃ‚Y NHá» SIZE 45-60KG TÃ™Y CHIá»€U CAO thiáº¿t ká»ƒ tráº» trung,https://www.lazada.vn/products/do-bo-ngu-thun-lanh-co-tim-day-nho-size-45-60kg-tuy-chieu-cao-thiet-ke-tre-trung-i105957829.html,36.000 â‚«,49% Off,13.4K ÄÃ£ bÃ¡n,(1945),Há»“ ChÃ­ Minh,70.200 â‚«,16.500 â‚«,KhÃ´ng Ã¡p dá»¥ng chÃ­nh sÃ¡ch báº£o hÃ nh,95%,97%,100%,44,19,62,143,1678
87,quáº§n Ã¡o,SÃ‰T ÃO Gáº¤U BEAR TRÆ¯á»¢T VÃN KÃˆM QUáº¦N BOM CHUN Gáº¦U SIÃŠU CUTE,https://www.lazada.vn/products/set-ao-gau-bear-truot-van-kem-quan-bom-chun-gau-sieu-cute-i1873868856.html,55.000 â‚«,50% Off,127 ÄÃ£ bÃ¡n,(29),Nam Äá»‹nh,180.000 â‚«,37.700 â‚«,3 ngÃ y tráº£ hÃ ng cho NhÃ  bÃ¡n hÃ ng,92%,100%,KhÃ´ng Ä‘á»§ thÃ´ng tin,2,1,2,6,19
88,quáº§n Ã¡o,"[CÃ³ size 45-75kg] Äá»“ bá»™ ná»¯, bá»™ Ä‘Ã¹i thun láº¡nh dÃ¢y báº£n phá»‘i ren",https://www.lazada.vn/products/co-size-45-75kg-do-bo-nu-bo-dui-thun-lanh-day-ban-phoi-ren-i1773208896.html,38.000 â‚«,37% Off,2.4K ÄÃ£ bÃ¡n,(353),Há»“ ChÃ­ Minh,60.000 â‚«,16.500 â‚«,3 ngÃ y tráº£ hÃ ng cho NhÃ  bÃ¡n hÃ ng,98%,98%,100%,2,2,6,8,335
89,quáº§n Ã¡o,"Bá»™ Pijama lá»¥a ğŸ’•Máº«u má»›i nháº¥tğŸ’• tay dÃ i, cháº¥t lá»¥a má»m má»‹n mÃ¡t ğŸ’¯áº¢nh tháº­t",https://www.lazada.vn/products/bo-pijama-lua-mau-moi-nhat-tay-dai-chat-lua-mem-min-mat-anh-that-i2543297162.html,30.000 â‚«,81% Off,146 ÄÃ£ bÃ¡n,(36),HÃ  Ná»™i,159.000 â‚«,32.700 â‚«,3 ngÃ y tráº£ hÃ ng cho NhÃ  bÃ¡n hÃ ng,91%,100%,KhÃ´ng Ä‘á»§ thÃ´ng tin,2,0,3,0,31
90,quáº§n Ã¡o,QUáº¦N á»NG Rá»˜NG THá»” Cáº¨M,https://www.lazada.vn/products/quan-ong-rong-tho-cam-i1227247735.html,69.500 â‚«,7% Off,2.4K ÄÃ£ bÃ¡n,(347),HÃ  Ná»™i,75.000 â‚«,32.700 â‚«,3 ngÃ y tráº£ hÃ ng cho NhÃ  bÃ¡n hÃ ng,98%,100%,KhÃ´ng Ä‘á»§ thÃ´ng tin,3,1,4,12,327
91,quáº§n Ã¡o,HOÃ€N TIá»€N 20% - [KÃ¨m Video SP] Bá»™ Quáº§n Ão Ná»¯ Cá»• TrÃ²n Tay Lá»¡ In Há»a Tiáº¿t Chá»¯ CADAACE Quáº§n Short TrÆ¡n Basic Kiá»ƒu DÃ¡ng Tráº» Trung Thá»i Trang JayStore QA NU 006,https://www.lazada.vn/products/hoan-tien-20-kem-video-sp-bo-quan-ao-nu-co-tron-tay-lo-in-hoa-tiet-chu-cadaace-quan-short-tron-basic-kieu-dang-tre-trung-thoi-trang-jaystore-qa-nu-006-i1224533512.html,55.000 â‚«,56% Off,11.7K ÄÃ£ bÃ¡n,(2568),HÃ  Ná»™i,142.200 â‚«,32.700 â‚«,3 ngÃ y tráº£ hÃ ng cho NhÃ  bÃ¡n hÃ ng,93%,100%,100%,84,45,94,152,2193
92,quáº§n Ã¡o,Set Ã¡o cáº·p kÃ¨m Ã¡o trong ngoÃ i 1974,https://www.lazada.vn/products/set-ao-cap-kem-ao-trong-ngoai-1974-i1634201676.html,42.000 â‚«,,1.7K ÄÃ£ bÃ¡n,(344),Há»“ ChÃ­ Minh,,16.500 â‚«,3 ngÃ y tráº£ hÃ ng cho NhÃ  bÃ¡n hÃ ng,92%,80%,100%,8,4,12,33,288
93,quáº§n Ã¡o,Äá»“ Ngá»§ Gá»£i Cáº£m Váº£i Satiin Äáº¹p BT FASHION (Yáº¿m Dáº­p Ly) DN01,https://www.lazada.vn/products/do-ngu-goi-cam-vai-satiin-dep-bt-fashion-yem-dap-ly-dn01-i1585436921.html,38.220 â‚«,51% Off,467 ÄÃ£ bÃ¡n,(64),Há»“ ChÃ­ Minh,98.000 â‚«,16.500 â‚«,3 ngÃ y tráº£ hÃ ng cho NhÃ  bÃ¡n hÃ ng,78%,100%,100%,2,0,1,3,58
94,quáº§n Ã¡o,"QUáº¦N ÃO Ná»®, SET ÃO THá» Ã”M QUáº¢ BÆ  KÃˆM QUáº¦N Káºº CUTE ( CÃ“ BÃN Láºº )",https://www.lazada.vn/products/quan-ao-nu-set-ao-tho-om-qua-bo-kem-quan-ke-cute-co-ban-le-i1788078528.html,48.000 â‚«,40% Off,214 ÄÃ£ bÃ¡n,(36),Nam Äá»‹nh,170.000 â‚«,37.700 â‚«,3 ngÃ y tráº£ hÃ ng cho NhÃ  bÃ¡n hÃ ng,93%,100%,100%,N/A,N/A,N/A,N/A,N/A
95,quáº§n Ã¡o,Bá»˜ ÄÃ™I MÃƒ 60 THUN Láº NH 3 SIZE 45-65KG HAI DÃ‚Y THá»œI TRANG,https://www.lazada.vn/products/bo-dui-ma-60-thun-lanh-3-size-45-65kg-hai-day-thoi-trang-i239709193.html,59.248 â‚«,60% Off,2.0K ÄÃ£ bÃ¡n,(345),Há»“ ChÃ­ Minh,149.000 â‚«,16.500 â‚«,3 ngÃ y tráº£ hÃ ng cho NhÃ  bÃ¡n hÃ ng,96%,93%,97%,9,9,14,18,295
96,quáº§n Ã¡o,SÃ‰T BA MÃ“N CHÃ‰O Bá»¤NG+QUáº¦N BOM CHUN á»NG,https://www.lazada.vn/products/set-ba-mon-cheo-bungquan-bom-chun-ong-i1418510468.html,75.000 â‚«,50% Off,38 ÄÃ£ bÃ¡n,(10),Nam Äá»‹nh,150.000 â‚«,37.700 â‚«,3 ngÃ y tráº£ hÃ ng cho NhÃ  bÃ¡n hÃ ng,89%,KhÃ´ng Ä‘á»§ thÃ´ng tin,KhÃ´ng Ä‘á»§ thÃ´ng tin,1,0,1,1,7
97,quáº§n Ã¡o,"[HCM] Äá»“ bá»™ tole ná»¯, bá»™ lanh máº·c nhÃ , Ã¡o bÃ¨o ngá»±c quáº§n Ä‘Ã¹i VNXK F21 SHOP5SAO (43-75kg)",https://www.lazada.vn/products/hcm-do-bo-tole-nu-bo-lanh-mac-nha-ao-beo-nguc-quan-dui-vnxk-f21-shop5sao-43-75kg-i2381785412.html,81.979 â‚«,45% Off,245 ÄÃ£ bÃ¡n,(97),Há»“ ChÃ­ Minh,149.000 â‚«,16.500 â‚«,3 ngÃ y tráº£ hÃ ng cho NhÃ  bÃ¡n hÃ ng,99%,98%,94%,0,0,0,0,98
98,quáº§n Ã¡o,Bá»™ Äá»“ Ngá»§ Tay DÃ i Báº±ng Lá»¥a Satin Plus Size DÃ nh Cho Ná»¯,https://www.lazada.vn/products/bo-do-ngu-tay-dai-bang-lua-satin-plus-size-danh-cho-nu-i2609222818.html,80.697 â‚«,53% Off,30 ÄÃ£ bÃ¡n,(13),NÆ°á»›c ngoÃ i,163.000 â‚«,,KhÃ´ng Ã¡p dá»¥ng chÃ­nh sÃ¡ch báº£o hÃ nh,92%,KhÃ´ng Ä‘á»§ thÃ´ng tin,100%,0,1,0,0,13
99,quáº§n Ã¡o,"XIANG NIAN NI à¸œà¸¹à¹‰à¸«à¸à¸´à¸‡à¹€à¸ªà¸·à¹‰à¸­à¸œà¹‰à¸²à¹à¸Ÿà¸Šà¸±à¹ˆà¸™ à¸—à¸µà¹ˆà¸—à¸±à¸™à¸ªà¸¡à¸±à¸¢, à¸¥à¸¹à¸à¹„à¸¡à¹‰, à¸à¸¥à¸§à¸‡, à¸šà¸²à¸‡à¸à¸¥à¸±à¸šà¸ªà¸§à¸¢, à¸ªà¸²à¸¢à¹€à¸­à¸µà¹Šà¸¢à¸¡, à¸à¸£à¸°à¹‚à¸›à¸£à¸‡à¸ªà¸±à¹‰à¸™à¸šà¹‰à¸²à¸™ Ä‘á»“ bá»™ ná»¯, pijama",https://www.lazada.vn/products/xiang-nian-ni-do-bo-nu-pijama-i1736044276.html,54.000 â‚«,55% Off,220 ÄÃ£ bÃ¡n,(102),NÆ°á»›c ngoÃ i,119.000 â‚«,,ÄÆ°á»£c Ä‘á»•i Ã½,97%,KhÃ´ng Ä‘á»§ thÃ´ng tin,100%,0,1,1,2,98
100,quáº§n Ã¡o,Set bá»™ Ã¡o thun tay lá»¡ phá»‘i quáº§n xuÃ´ng trÆ¡n Unisex form rá»™ng 38-65kg [ Video + áº¢nh chá»¥p tháº­t ]-PhÃ¹ thuá»· cÆ°á»¡i chá»•i,https://www.lazada.vn/products/set-bo-ao-thun-tay-lo-phoi-quan-xuong-tron-unisex-form-rong-38-65kg-video-anh-chup-that-phu-thuy-cuoi-choi-i2122948443.html,40.000 â‚«,,68 ÄÃ£ bÃ¡n,(13),Thanh HÃ³a,,,,,,,N/A,N/A,N/A,N/A,N/A
101,quáº§n Ã¡o,Bá»™ Äá»“ Ngá»§ Ngáº¯n Tay Báº±ng Lá»¥a MÃ¡t Thá»i Trang MÃ¹a HÃ¨ Dá»… ThÆ°Æ¡ng DÃ nh Cho Ná»¯,https://www.lazada.vn/products/bo-do-ngu-ngan-tay-bang-lua-mat-thoi-trang-mua-he-de-thuong-danh-cho-nu-i2609335546.html,65.584 â‚«,49% Off,61 ÄÃ£ bÃ¡n,(18),NÆ°á»›c ngoÃ i,129.278 â‚«,,KhÃ´ng Ã¡p dá»¥ng chÃ­nh sÃ¡ch báº£o hÃ nh,92%,KhÃ´ng Ä‘á»§ thÃ´ng tin,100%,0,0,0,1,17
102,quáº§n Ã¡o,"[HCM] Äá»“ bá»™ tole trung niÃªn, bá»™ lanh máº·c nhÃ  quáº§n lá»­ng VNXK cao cáº¥p SHOP5SAO (53-75kg)",https://www.lazada.vn/products/hcm-do-bo-tole-trung-nien-bo-lanh-mac-nha-quan-lung-vnxk-cao-cap-shop5sao-53-75kg-i1963792613.html,85.960 â‚«,54% Off,314 ÄÃ£ bÃ¡n,(123),Há»“ ChÃ­ Minh,185.000 â‚«,16.500 â‚«,3 ngÃ y tráº£ hÃ ng cho NhÃ  bÃ¡n hÃ ng,99%,98%,94%,1,0,0,3,119
103,quáº§n Ã¡o,Bá»™ Äá»“ Ngá»§ Tay Ngáº¯n DÃ¡ng Rá»™ng Thá»i Trang MÃ¹a HÃ¨ Dá»… ThÆ°Æ¡ng Cho Ná»¯ [Lff0704],https://www.lazada.vn/products/bo-do-ngu-tay-ngan-dang-rong-thoi-trang-mua-he-de-thuong-cho-nu-lff0704-i2609200851.html,29.000 â‚«,41% Off,25 ÄÃ£ bÃ¡n,(11),NÆ°á»›c ngoÃ i,99.000 â‚«,,KhÃ´ng Ã¡p dá»¥ng chÃ­nh sÃ¡ch báº£o hÃ nh,92%,KhÃ´ng Ä‘á»§ thÃ´ng tin,100%,0,1,0,0,11
104,quáº§n Ã¡o,Bá»™ Äá»“ Ngá»§ Nam Ná»¯ Khá»§ng Long Äá»™ng Váº­t NgÆ°á»i Lá»›n MÃ¹a ÄÃ´ng Trang Phá»¥c Hoáº¡t HÃ¬nh Äá»™ng Váº­t Pikachu Gáº¥u TrÃºc Kigurumi Stitch Äá»“ Ngá»§ Ão Liá»n Quáº§n,https://www.lazada.vn/products/bo-do-ngu-nam-nu-khung-long-dong-vat-nguoi-lon-mua-dong-trang-phuc-hoat-hinh-dong-vat-pikachu-gau-truc-kigurumi-stitch-do-ngu-ao-lien-quan-i1869827869.html,100.000 â‚«,33% Off,456 ÄÃ£ bÃ¡n,(98),NÆ°á»›c ngoÃ i,250.000 â‚«,17.000 â‚«,KhÃ´ng Ã¡p dá»¥ng chÃ­nh sÃ¡ch báº£o hÃ nh,96%,100%,100%,3,1,1,2,91
105,quáº§n Ã¡o,3 QUáº¦N DÃ€I Ná»® 3 Sá»ŒC KHÃC NHAU/ Váº¢I POLIUMI Má»€M CO GIÃƒN Táº O Cáº¢M GIÃC THOáº¢I MÃI KHI Máº¶C/ BAO Äá»”I TRáº¢/ Táº¶NG QUÃ€/ 40 Äáº¾N70KG Vá»ªA,https://www.lazada.vn/products/3-quan-dai-nu-3-soc-khac-nhau-vai-poliumi-mem-co-gian-tao-cam-giac-thoai-mai-khi-mac-bao-doi-tra-tang-qua-40-den70kg-vua-i1334944602.html,46.400 â‚«,85% Off,153 ÄÃ£ bÃ¡n,(42),Há»“ ChÃ­ Minh,300.000 â‚«,18.300 â‚«,3 ngÃ y tráº£ hÃ ng cho NhÃ  bÃ¡n hÃ ng,97%,96%,100%,0,0,1,1,41
106,quáº§n Ã¡o,"QUáº¦N JOGGER THá»‚ THAO Ná»®, QUáº¦N THá»‚ THAO á»NG SUÃ”NG ( 3 QUáº¦N 100K)",https://www.lazada.vn/products/quan-jogger-the-thao-nu-quan-the-thao-ong-suong-3-quan-100k-i2213829799.html,40.000 â‚«,,53 ÄÃ£ bÃ¡n,(11),Há»“ ChÃ­ Minh,,16.500 â‚«,3 ngÃ y tráº£ hÃ ng cho NhÃ  bÃ¡n hÃ ng,95%,100%,KhÃ´ng Ä‘á»§ thÃ´ng tin,N/A,N/A,N/A,N/A,N/A
107,quáº§n Ã¡o,SET ÃO THUN KÃˆM QUáº¦N á»NG Rá»˜NG,https://www.lazada.vn/products/set-ao-thun-kem-quan-ong-rong-i1359207897.html,49.000 â‚«,25% Off,656 ÄÃ£ bÃ¡n,(166),Nam Äá»‹nh,160.000 â‚«,37.700 â‚«,3 ngÃ y tráº£ hÃ ng cho NhÃ  bÃ¡n hÃ ng,86%,100%,100%,N/A,N/A,N/A,N/A,N/A
108,quáº§n Ã¡o,Bá»™ Äá»“ Ngá»§ Pijama Lá»¥a ThoÃ¡ng MÃ¡t Thoáº£i MÃ¡i vÃ  Sang Trá»ng Ão Tay Ngáº¯n Quáº§n DÃ i,https://www.lazada.vn/products/bo-do-ngu-pijama-lua-thoang-mat-thoai-mai-va-sang-trong-ao-tay-ngan-quan-dai-i2505804399.html,119.879 â‚«,33% Off,196 ÄÃ£ bÃ¡n,(79),Há»“ ChÃ­ Minh,179.000 â‚«,16.500 â‚«,3 ngÃ y tráº£ hÃ ng cho NhÃ  bÃ¡n hÃ ng,97%,100%,100%,1,0,0,3,75
109,quáº§n Ã¡o,Äá»“ Ngá»§ Cotton 100% Bá»™ Äá»“ Capris Tay Ngáº¯n HÃ n Quá»‘c MÃ¹a HÃ¨ Cho Ná»¯ DÃ¡ng Rá»™ng MÃ¹a XuÃ¢n VÃ  MÃ¹a HÃ¨ CÃ³ Thá»ƒ Máº·c BÃªn NgoÃ i NhÆ° Quáº§n Ão Gia Dá»¥ng,https://www.lazada.vn/products/do-ngu-cotton-100-bo-do-capris-tay-ngan-han-quoc-mua-he-cho-nu-dang-rong-mua-xuan-va-mua-he-co-the-mac-ben-ngoai-nhu-quan-ao-gia-dung-i2077365811.html,117.800 â‚«,26% Off,23 ÄÃ£ bÃ¡n,(25),NÆ°á»›c ngoÃ i,158.746 â‚«,17.000 â‚«,KhÃ´ng Ã¡p dá»¥ng chÃ­nh sÃ¡ch báº£o hÃ nh,94%,99%,93%,0,0,1,0,24
110,quáº§n Ã¡o,"Set Bá»™ Ão Kiá»ƒu SÃ¡t NÃ¡ch NhÃºng BÃ¨o Cá»• VuÃ´ng TÃ¹ng XÃ²e In Gáº¥u 3D Phá»‘i Quáº§n ÄÃ¹i váº£i Bá»‘ SiÃªu CÆ°ng , Hot , Äi ChÆ¡i Cá»±c Xinh DB100735846",https://www.lazada.vn/products/set-bo-ao-kieu-sat-nach-nhung-beo-co-vuong-tung-xoe-in-gau-3d-phoi-quan-dui-vai-bo-sieu-cung-hot-di-choi-cuc-xinh-db100735846-i2579603124.html,121.000 â‚«,33% Off,53 ÄÃ£ bÃ¡n,(10),Há»“ ChÃ­ Minh,180.000 â‚«,16.500 â‚«,3 ngÃ y tráº£ hÃ ng cho NhÃ  bÃ¡n hÃ ng,94%,95%,100%,0,0,0,0,10
111,quáº§n Ã¡o,[HCM]COMBO QUáº¦N JOGGER 3 CÃI 100.000 (CÃ“ SAI Äáº I) 100/3 CÃI combo 3 cÃ¡i 100k (khÃ´ng bo),https://www.lazada.vn/products/hcmcombo-quan-jogger-3-cai-100000-co-sai-dai-1003-cai-combo-3-cai-100k-khong-bo-i1799899398.html,77.316 â‚«,7% Off,193 ÄÃ£ bÃ¡n,(43),Há»“ ChÃ­ Minh,,18.300 â‚«,3 ngÃ y tráº£ hÃ ng cho NhÃ  bÃ¡n hÃ ng,95%,100%,83%,5,2,2,0,34
112,quáº§n Ã¡o,Äá»“ bá»™ hoáº¡t hÃ¬nh form rá»™ng 3d unisex áº¿ch xanh bÃ² sá»¯a pokemon doremon kitty siÃªu nhÃ¢n bÃ¡o há»“ng cháº¥t váº£i má»m má»‹n mÃ¡t 5kg Ä‘áº¿n 70kg ğŸ’¥ Äá»“ tráº» em ğŸ’¥ Äá»“ bá»™ gia Ä‘Ã¬nh ğŸ’¥ Äá»“ bá»™ máº¹ vÃ  bÃ© ğŸ’¥ Äá»“ bá»™ ná»¯ máº·c nhÃ  DBRBD FULL SIZE,https://www.lazada.vn/products/do-bo-hoat-hinh-form-rong-3d-unisex-ech-xanh-bo-sua-pokemon-doremon-kitty-sieu-nhan-bao-hong-chat-vai-mem-min-mat-5kg-den-70kg-do-tre-em-do-bo-gia-dinh-do-bo-me-va-be-do-bo-nu-mac-nha-dbrbd-full-size-i1658261299.html,54.000 â‚«,,123 ÄÃ£ bÃ¡n,(22),Cáº§n ThÆ¡,,28.700 â‚«,3 ngÃ y tráº£ hÃ ng cho NhÃ  bÃ¡n hÃ ng,98%,100%,50%,0,0,0,0,0
113,quáº§n Ã¡o,Ä‘Ã´ bÃ´ mac nhaÌ€ thun xÃ´Ìp nhÃ¢Ì£t quÃ¢Ì€n Ä‘uÌ€i,https://www.lazada.vn/products/do-bo-mac-nha-thun-xop-nhat-quan-dui-i1949207226.html,85.000 â‚«,23% Off,314 ÄÃ£ bÃ¡n,(68),Long An,110.000 â‚«,28.700 â‚«,3 ngÃ y tráº£ hÃ ng cho NhÃ  bÃ¡n hÃ ng,96%,96%,KhÃ´ng Ä‘á»§ thÃ´ng tin,1,2,0,5,60
114,quáº§n Ã¡o,"Quáº§n Jogger DÃ¹ táº­p gym, yoga ná»¯ tráº» trung phá»‘i sá»c tÃºi há»™p siÃªu thoÃ¡ng",https://www.lazada.vn/products/quan-jogger-du-tap-gym-yoga-nu-tre-trung-phoi-soc-tui-hop-sieu-thoang-i2391729364.html,35.000 â‚«,50% Off,22 ÄÃ£ bÃ¡n,(8),Há»“ ChÃ­ Minh,158.000 â‚«,18.300 â‚«,3 ngÃ y tráº£ hÃ ng cho NhÃ  bÃ¡n hÃ ng,95%,98%,81%,0,0,1,1,6
115,quáº§n Ã¡o,"Äá»“ Bá»™ Bigsize Lá»¥a Nháº­t Cao Cáº¥p - HÃ ng Chuáº©n Size, Cháº¥t MÃ¡t - Tay ngáº¯n quáº§n lá»­ng",https://www.lazada.vn/products/do-bo-bigsize-lua-nhat-cao-cap-hang-chuan-size-chat-mat-tay-ngan-quan-lung-i1374497544.html,145.000 â‚«,59% Off,136 ÄÃ£ bÃ¡n,(37),Báº¿n Tre,350.000 â‚«,28.700 â‚«,3 ngÃ y tráº£ hÃ ng cho NhÃ  bÃ¡n hÃ ng,99%,100%,KhÃ´ng Ä‘á»§ thÃ´ng tin,0,0,0,1,36
116,quáº§n Ã¡o,Bá»™ Ä‘á»“ ngá»§ tay ngáº¯n thá»i trang 2023 dÃ nh cho ná»¯ lzf0831,https://www.lazada.vn/products/bo-do-ngu-tay-ngan-thoi-trang-2023-danh-cho-nu-lzf0831-i2634094653.html,55.479 â‚«,44% Off,24 ÄÃ£ bÃ¡n,(7),NÆ°á»›c ngoÃ i,99.000 â‚«,,KhÃ´ng Ã¡p dá»¥ng chÃ­nh sÃ¡ch báº£o hÃ nh,98%,KhÃ´ng Ä‘á»§ thÃ´ng tin,100%,0,0,0,0,8
117,quáº§n Ã¡o,"Set Äá»“ Bá»™ Ão Thun Form Rá»™ng In Sá»‘ 23 Phá»‘i Quáº§n Lá»­ng NGá»‘ SiÃªu Sang ,Hot , Äi ChÆ¡i , Dáº¡o Phá»‘",https://www.lazada.vn/products/set-do-bo-ao-thun-form-rong-in-so-23-phoi-quan-lung-ngo-sieu-sang-hot-di-choi-dao-pho-i2631106737.html,84.000 â‚«,44% Off,12 ÄÃ£ bÃ¡n,(0),Há»“ ChÃ­ Minh,50.000 â‚«,16.500 â‚«,3 ngÃ y tráº£ hÃ ng cho NhÃ  bÃ¡n hÃ ng,94%,95%,100%,0,0,0,0,1
118,quáº§n Ã¡o,Ão thun ná»¯ mÃ¹a hÃ¨ quáº§n short Ã´m sÃ¡t Ã¡o há»Ÿ eo cá»• chá»¯ U quáº§n short tay ngáº¯n hoa má»›i 2024,https://www.lazada.vn/products/ao-thun-nu-mua-he-quan-short-om-sat-ao-ho-eo-co-chu-u-quan-short-tay-ngan-hoa-moi-2024-i2610450013.html,29.421 â‚«,61% Off,34 ÄÃ£ bÃ¡n,(8),NÆ°á»›c ngoÃ i,105.000 â‚«,,KhÃ´ng Ã¡p dá»¥ng chÃ­nh sÃ¡ch báº£o hÃ nh,95%,KhÃ´ng Ä‘á»§ thÃ´ng tin,100%,0,0,0,0,8
119,quáº§n Ã¡o,Bá»™ ngá»§ pijama cá»• sen máº·c nhÃ  quáº§n cá»™c Ã¡o cá»™c dá»… thÆ°Æ¡ng,https://www.lazada.vn/products/bo-ngu-pijama-co-sen-mac-nha-quan-coc-ao-coc-de-thuong-i2016201063.html,32.525 â‚«,67% Off,159 ÄÃ£ bÃ¡n,(34),Há»“ ChÃ­ Minh,99.900 â‚«,16.500 â‚«,3 ngÃ y tráº£ hÃ ng cho NhÃ  bÃ¡n hÃ ng,91%,100%,50%,3,0,0,0,31
