Type,Price_sale,Sale_off,Total_sold,Preview,Location,Price_original,Ship_price,Sale_rating,Ship_on_time,Chat_response,One_star,Two_star,Three_star,Four_star,Five_star
laptop,17.990.000 ₫,38% Off,3.0K Đã bán,(666),Hồ Chí Minh,28.990.000 ₫,10.200 ₫,94%,98%,100%,28,5,10,17,606
laptop,7.223.999 ₫,"52% Off
LazFlash Sale,kết thúc sau 9h",51 Đã bán,(5),Hải Phòng,13.899.999 ₫,Miễn phí,100%,100%,80%,0,0,0,0,5
laptop,39.000 ₫,17% Off,312 Đã bán,(67),Hồ Chí Minh,47.000 ₫,17.000 ₫,96%,98%,90%,11,1,3,5,47
laptop,7.254.959 ₫,45% Off,16 Đã bán,(3),Hải Phòng,13.199.999 ₫,Miễn phí,100%,100%,80%,0,0,0,0,3
laptop,4.390.000 ₫,"20% Off
LazFlash Sale,kết thúc sau 9h",126 Đã bán,(29),Hà Nội,5.900.000 ₫,Miễn phí,98%,100%,100%,0,0,1,0,28
laptop,3.200.000 ₫,50% Off,,,Hà Nội,6.400.000 ₫,Miễn phí,,,,0,0,0,0,0
laptop,1.798.761 ₫,10% Off,18 Đã bán,(6),Hà Nội,4.290.000 ₫,84.600 ₫,94%,100%,76%,0,0,0,0,6
laptop,6.519.809 ₫,8% Off,294 Đã bán,(118),Hồ Chí Minh,8.999.999 ₫,Miễn phí,96%,100%,,1,0,2,0,115
laptop,6.614.299 ₫,27% Off,91 Đã bán,(49),Hồ Chí Minh,8.999.999 ₫,Miễn phí,96%,100%,,1,0,0,2,46
laptop,1.000.000 ₫,,81 Đã bán,(28),Hà Nội,,198.200 ₫,94%,20%,83%,2,1,1,3,21
laptop,1.200.000 ₫,,25 Đã bán,(10),Tiền Giang,,32.200 ₫,87%,37%,100%,0,0,0,1,9
laptop,4.173.000 ₫,"11% Off
LazFlash Sale,kết thúc sau 9h",154 Đã bán,(49),Hưng Yên,6.459.000 ₫,56.800 ₫,97%,100%,100%,0,0,1,3,46
laptop,1.300.000 ₫,28% Off,82 Đã bán,(41),Hà Nội,,74.400 ₫,92%,66%,85%,0,0,0,6,35
laptop,2.668.000 ₫,8% Off,33 Đã bán,(18),Nghệ An,2.898.000 ₫,56.800 ₫,94%,91%,92%,0,2,0,2,15
laptop,3.248.000 ₫,10% Off,64 Đã bán,(28),Nghệ An,3.598.000 ₫,56.800 ₫,94%,91%,92%,0,0,0,0,28
laptop,3.258.000 ₫,19% Off,73 Đã bán,(32),Nghệ An,3.998.000 ₫,56.800 ₫,94%,91%,92%,0,0,1,0,31
laptop,1.200.000 ₫,48% Off,24 Đã bán,(11),Hồ Chí Minh,2.300.000 ₫,Miễn phí,91%,100%,100%,0,1,0,1,9
laptop,269.233 ₫,7% Off,2.2K Đã bán,(789),Hồ Chí Minh,199.000 ₫,16.500 ₫,99%,100%,100%,3,1,2,12,771
laptop,10.490.000 ₫,19% Off,351 Đã bán,(108),Hồ Chí Minh,12.990.000 ₫,21.200 ₫,98%,75%,66%,3,0,0,1,104
laptop,1.799.000 ₫,,117 Đã bán,(35),Đồng Nai,,65.500 ₫,96%,50%,100%,0,0,0,1,35
laptop,27.590.000 ₫,16% Off,147 Đã bán,(3),Bắc Ninh,32.990.000 ₫,10.200 ₫,94%,98%,100%,0,0,0,0,4
laptop,2.455.000 ₫,,14 Đã bán,(2),Hà Nội,,38.000 ₫,79%,86%,95%,0,0,1,0,1
laptop,27.290.000 ₫,3% Off,7 Đã bán,,Hồ Chí Minh,32.999.000 ₫,9.700 ₫,94%,98%,100%,0,0,0,0,0
laptop,1.239.000 ₫,38% Off,22 Đã bán,(10),Hồ Chí Minh,2.200.000 ₫,Miễn phí,91%,100%,100%,0,0,0,0,10
laptop,14.699.000 ₫,30% Off,38 Đã bán,(12),Hồ Chí Minh,21.000.000 ₫,23.800 ₫,100%,100%,100%,0,0,0,0,12
laptop,3.500.000 ₫,,15 Đã bán,(3),Hồ Chí Minh,,20.100 ₫,88%,100%,,0,0,0,0,3
laptop,4.804.919 ₫,44% Off,97 Đã bán,(23),Hải Phòng,8.599.999 ₫,51.100 ₫,88%,100%,100%,3,0,1,0,20
laptop,6.500.000 ₫,27% Off,,(1),Hồ Chí Minh,11.900.000 ₫,Miễn phí,96%,100%,100%,0,0,0,0,2
laptop,7.689.000 ₫,,40 Đã bán,(7),Hưng Yên,,37.700 ₫,100%,98%,100%,0,0,0,0,7
laptop,902.899 ₫,25% Off,11 Đã bán,(2),Hưng Yên,1.499.999 ₫,70.000 ₫,86%,100%,88%,1,0,0,0,2
laptop,3.390.000 ₫,15% Off,,(3),Hà Nội,4.000.000 ₫,52.400 ₫,91%,85%,100%,0,0,0,0,3
laptop,55.188.000 ₫,,48 Đã bán,,Hồ Chí Minh,,Miễn phí,82%,,100%,0,0,0,0,0
laptop,1.089.839 ₫,16% Off,,(3),Hưng Yên,1.399.999 ₫,80.200 ₫,86%,100%,88%,0,0,0,0,3
laptop,4.560.080 ₫,21% Off,28 Đã bán,(15),Hà Nội,6.500.000 ₫,84.600 ₫,94%,100%,76%,0,2,0,1,12
laptop,4.799.999 ₫,40% Off,117 Đã bán,(33),Hải Phòng,7.939.999 ₫,Miễn phí,95%,99%,100%,1,0,0,0,32
laptop,2.833.699 ₫,"19% Off
LazFlash Sale,kết thúc sau 9h",50 Đã bán,(4),Hà Nội,6.500.000 ₫,Miễn phí,98%,100%,100%,0,0,0,0,4
laptop,2.550.000 ₫,20% Off,33 Đã bán,(9),Hà Nội,3.200.000 ₫,52.400 ₫,91%,85%,100%,0,0,0,0,9
laptop,7.250.089 ₫,19% Off,129 Đã bán,(35),Hồ Chí Minh,8.999.999 ₫,Miễn phí,95%,100%,83%,1,0,0,0,34
laptop,4.351.599 ₫,48% Off,25 Đã bán,(5),Hải Phòng,8.299.999 ₫,Miễn phí,100%,100%,80%,0,0,0,0,5
laptop,21.600.000 ₫,8% Off,,(1),Hồ Chí Minh,23.590.000 ₫,Miễn phí,94%,81%,100%,0,0,0,0,1
laptop,864.999 ₫,28% Off,,,Hưng Yên,,,,,,1,0,0,0,1
laptop,400.000 ₫,,,,Tiền Giang,,40.300 ₫,87%,37%,100%,0,0,0,0,2
laptop,3.800.000 ₫,46% Off,,,Hồ Chí Minh,7.000.000 ₫,16.500 ₫,96%,80%,94%,0,0,0,1,0
laptop,2.300.000 ₫,8% Off,,,Hà Nội,3.000.000 ₫,104.900 ₫,92%,66%,85%,0,0,0,0,1
laptop,1.300.000 ₫,,,,Hà Nội,,104.900 ₫,92%,66%,85%,0,0,0,0,8
laptop,2.500.000 ₫,,,,Hà Nội,,104.900 ₫,92%,66%,85%,0,0,2,1,43
laptop,2.750.000 ₫,31% Off,,,Hồ Chí Minh,4.000.000 ₫,16.500 ₫,96%,80%,94%,0,0,0,0,0
laptop,1.600.000 ₫,,,,Nghệ An,,56.800 ₫,95%,100%,,6,1,2,9,115
laptop,2.550.000 ₫,49% Off,,,Thái Bình,5.000.000 ₫,80.200 ₫,95%,100%,,2,0,0,2,46
laptop,3.240.000 ₫,,,,Hà Nội,,Miễn phí,98%,100%,100%,0,0,0,0,0
laptop,465.000 ₫,6% Off,,,Hồ Chí Minh,199.000 ₫,16.500 ₫,99%,100%,100%,3,1,2,12,771
laptop,6.000.000 ₫,,,,Nam Định,,56.800 ₫,99%,100%,100%,0,0,0,0,42
laptop,1.799.000 ₫,,,,Đồng Nai,,65.500 ₫,96%,50%,100%,0,0,0,1,12
laptop,4.000.000 ₫,50% Off,,,Hồ Chí Minh,8.598.000 ₫,10.200 ₫,91%,100%,80%,0,0,0,0,1
laptop,3.200.000 ₫,33% Off,,,Hồ Chí Minh,4.800.000 ₫,23.800 ₫,96%,100%,100%,0,0,0,0,1
laptop,9.999.000 ₫,26% Off,,,Hồ Chí Minh,4.800.000 ₫,23.800 ₫,96%,100%,100%,0,0,0,0,1
laptop,12.000.000 ₫,,,,Thái Nguyên,,43.900 ₫,,,,0,0,0,0,0
laptop,6.851.459 ₫,24% Off,,,Hồ Chí Minh,9.999.999 ₫,Miễn phí,97%,,100%,0,0,0,0,27
laptop,2.700.000 ₫,36% Off,,,Hồ Chí Minh,4.200.000 ₫,20.100 ₫,88%,100%,,0,0,0,0,1
laptop,6.950.000 ₫,,,,Hồ Chí Minh,,Miễn phí,96%,100%,93%,0,0,0,0,0
laptop,6.414.925 ₫,"52% Off
Áp dụng voucher",,,Hồ Chí Minh,12.999.999 ₫,Miễn phí,97%,81%,100%,1,0,0,0,18
laptop,4.600.000 ₫,,,,Hưng Yên,,70.000 ₫,91%,65%,100%,0,0,0,0,1
laptop,240.000 ₫,,,,Hồ Chí Minh,12.999.999 ₫,Miễn phí,97%,81%,100%,1,0,0,0,18
laptop,12.870.000 ₫,20% Off,,,Hà Nội,15.990.000 ₫,74.400 ₫,98%,100%,92%,0,0,0,0,2
laptop,21.799.000 ₫,13% Off,,,Hồ Chí Minh,25.000.000 ₫,23.800 ₫,93%,100%,,0,0,0,0,0
laptop,8.275.139 ₫,"36% Off
Áp dụng voucher",,,Hồ Chí Minh,13.999.999 ₫,Miễn phí,97%,81%,100%,0,0,0,0,4
laptop,11.200.000 ₫,44% Off,,,Hồ Chí Minh,20.000.000 ₫,1.200 ₫,99%,75%,100%,0,0,0,0,0
laptop,6.047.091 ₫,45% Off,,,Hà Nội,11.000.000 ₫,38.000 ₫,94%,100%,76%,0,0,0,0,5
laptop,2.789.000 ₫,20% Off,,,Quảng Trị,4.199.000 ₫,70.000 ₫,97%,,,0,0,0,4,62
laptop,7.850.000 ₫,43% Off,,,Hồ Chí Minh,13.800.000 ₫,27.300 ₫,96%,100%,,0,0,0,0,4
laptop,14.590.000 ₫,23% Off,,,Hồ Chí Minh,18.990.000 ₫,10.200 ₫,97%,98%,85%,0,0,0,0,0
laptop,16.290.000 ₫,4% Off,,,Hồ Chí Minh,16.990.000 ₫,,96%,,83%,0,0,0,0,1
laptop,19.100.000 ₫,9% Off,,,Hồ Chí Minh,20.990.000 ₫,Miễn phí,94%,86%,100%,0,0,0,0,0
laptop,10.290.000 ₫,21% Off,,,Hồ Chí Minh,12.990.000 ₫,10.200 ₫,97%,98%,85%,0,0,0,0,0
laptop,15.000.000 ₫,12% Off,,,Hồ Chí Minh,16.990.000 ₫,Miễn phí,94%,86%,100%,0,0,0,0,0
laptop,35.990.000 ₫,,,,Hồ Chí Minh,,27.300 ₫,,,,0,0,0,0,0
laptop,20.143.200 ₫,25% Off,,,Hồ Chí Minh,44.899.000 ₫,Miễn phí,97%,100%,100%,0,0,0,0,0
laptop,5.900.000 ₫,31% Off,,,Thanh Hóa,8.500.000 ₫,56.800 ₫,96%,100%,75%,0,0,0,0,0
laptop,20.950.000 ₫,7% Off,,,Hồ Chí Minh,22.590.000 ₫,Miễn phí,94%,86%,100%,0,0,0,0,0
laptop,5.800.000 ₫,,,,Hà Nội,,Miễn phí,98%,100%,100%,0,0,0,0,0
laptop,17.990.000 ₫,38% Off,3.0K Đã bán,(666),Bắc Ninh,28.990.000 ₫,10.200 ₫,94%,98%,100%,28,5,10,17,606
laptop,14.900.000 ₫,,,,Hồ Chí Minh,,27.300 ₫,,,,0,0,0,0,0
laptop,3.200.000 ₫,50% Off,,,Hà Nội,6.400.000 ₫,Miễn phí,,,,0,0,0,0,0
laptop,10.490.000 ₫,19% Off,351 Đã bán,(108),Hồ Chí Minh,12.990.000 ₫,21.200 ₫,98%,77%,66%,3,0,0,1,104
laptop,7.254.959 ₫,45% Off,16 Đã bán,(3),Hải Phòng,13.199.999 ₫,Miễn phí,100%,100%,80%,0,0,0,0,3
laptop,2.550.000 ₫,20% Off,33 Đã bán,(9),Hà Nội,3.200.000 ₫,52.400 ₫,91%,75%,100%,0,0,0,0,9
laptop,7.223.999 ₫,"52% Off
LazFlash Sale,kết thúc sau 9h",51 Đã bán,(5),Hải Phòng,13.899.999 ₫,Miễn phí,100%,100%,80%,0,0,0,0,5
laptop,4.351.599 ₫,48% Off,25 Đã bán,(5),Hải Phòng,8.299.999 ₫,Miễn phí,100%,100%,80%,0,0,0,0,5
laptop,902.899 ₫,25% Off,11 Đã bán,(2),Hưng Yên,1.499.999 ₫,70.000 ₫,86%,100%,88%,1,0,0,0,2
laptop,4.804.919 ₫,44% Off,97 Đã bán,(23),Hải Phòng,8.599.999 ₫,51.100 ₫,88%,100%,100%,3,0,1,0,20
laptop,8.600.000 ₫,33% Off,,,Hồ Chí Minh,12.800.000 ₫,Miễn phí,96%,100%,100%,0,0,0,0,0
laptop,499.000 ₫,64% Off,131 Đã bán,(22),Nước ngoài,1.400.916 ₫,17.000 ₫,96%,98%,100%,0,0,0,0,22
laptop,1.300.000 ₫,28% Off,83 Đã bán,(41),Hà Nội,,74.400 ₫,92%,50%,85%,0,0,0,6,35
laptop,3.248.000 ₫,10% Off,64 Đã bán,(28),Nghệ An,3.598.000 ₫,56.800 ₫,94%,92%,92%,0,0,0,0,28
laptop,3.258.000 ₫,19% Off,73 Đã bán,(32),Nghệ An,3.998.000 ₫,56.800 ₫,94%,92%,92%,0,0,1,0,31
laptop,1.200.000 ₫,48% Off,24 Đã bán,(11),Hồ Chí Minh,2.300.000 ₫,Miễn phí,91%,100%,100%,0,1,0,1,9
laptop,6.000.000 ₫,,136 Đã bán,(42),Nam Định,,56.800 ₫,99%,100%,100%,0,0,0,0,42
laptop,27.590.000 ₫,16% Off,147 Đã bán,(3),Bắc Ninh,32.990.000 ₫,10.200 ₫,94%,98%,100%,0,0,0,0,4
laptop,27.290.000 ₫,3% Off,10 Đã bán,,Hồ Chí Minh,32.999.000 ₫,9.700 ₫,94%,98%,100%,0,0,0,0,0
laptop,383.775 ₫,50% Off,193 Đã bán,(171),Nước ngoài,772.800 ₫,,99%,,100%,2,0,1,2,166
laptop,690.000 ₫,12% Off,1.5K Đã bán,(430),Hồ Chí Minh,1.670.000 ₫,18.300 ₫,98%,100%,100%,11,0,7,3,409
laptop,619.000 ₫,"65% Off
LazFlash Sale,kết thúc sau 9h",988 Đã bán,(317),Nước ngoài,1.750.000 ₫,17.000 ₫,96%,98%,100%,2,4,5,12,294
laptop,3.111.000 ₫,49% Off,,,Hà Nội,6.100.000 ₫,Miễn phí,,,,0,0,0,0,0
laptop,12.000.000 ₫,,,,Thái Nguyên,,43.900 ₫,,,,0,0,0,0,0
laptop,8.000.000 ₫,32% Off,74 Đã bán,(7),Hà Nội,11.800.000 ₫,84.600 ₫,98%,100%,100%,0,0,0,0,7
laptop,1.089.839 ₫,16% Off,,(3),Hưng Yên,1.399.999 ₫,80.200 ₫,86%,100%,88%,0,0,0,0,3
laptop,19.800.000 ₫,,,,Hồ Chí Minh,,74.700 ₫,92%,20%,90%,0,0,0,0,0
laptop,46.490.000 ₫,,38 Đã bán,,Hồ Chí Minh,,,96%,,83%,0,0,0,0,0
laptop,14.790.000 ₫,22% Off,,,Hồ Chí Minh,18.990.000 ₫,21.200 ₫,97%,99%,88%,0,0,0,0,0
laptop,8.890.000 ₫,29% Off,,,Hồ Chí Minh,12.490.000 ₫,20.100 ₫,97%,99%,88%,0,0,0,0,0
laptop,25.290.000 ₫,,5 Đã bán,,Hồ Chí Minh,,,96%,,83%,0,0,0,0,0
laptop,26.000.000 ₫,10% Off,8 Đã bán,,Hồ Chí Minh,28.790.000 ₫,Miễn phí,94%,86%,100%,0,0,0,0,0
laptop,7.850.000 ₫,43% Off,8 Đã bán,(4),Hồ Chí Minh,13.800.000 ₫,27.300 ₫,96%,100%,,0,0,0,0,4
laptop,1.700.000 ₫,,,,Hưng Yên,,70.000 ₫,91%,65%,100%,0,0,0,0,0
laptop,14.590.000 ₫,23% Off,,,Hồ Chí Minh,18.990.000 ₫,10.200 ₫,97%,98%,85%,0,0,0,0,0
laptop,2.622.600 ₫,42% Off,89 Đã bán,(36),Hồ Chí Minh,4.100.000 ₫,16.500 ₫,96%,80%,94%,1,1,1,5,28
laptop,7.131.799 ₫,52% Off,21 Đã bán,(4),Hải Phòng,16.099.999 ₫,Miễn phí,100%,100%,80%,0,0,0,0,5
laptop,3.400.000 ₫,,14 Đã bán,,Quảng Trị,,37.700 ₫,97%,,,0,0,0,0,0
laptop,8.269.999 ₫,44% Off,,,Hải Phòng,15.399.999 ₫,Miễn phí,100%,100%,80%,0,0,0,0,0
laptop,4.200.000 ₫,28% Off,5 Đã bán,(3),Hồ Chí Minh,5.800.000 ₫,16.500 ₫,96%,80%,94%,0,0,0,0,4
laptop,39.000 ₫,17% Off,312 Đã bán,(67),Hồ Chí Minh,,,,,,11,1,3,5,47
laptop,6.626.250 ₫,53% Off,158 Đã bán,(51),Hải Phòng,15.000.000 ₫,Miễn phí,96%,100%,96%,0,0,1,0,50
laptop,6.933.599 ₫,"50% Off
LazFlash Sale,kết thúc sau 9h",238 Đã bán,(65),Hải Phòng,13.999.999 ₫,Miễn phí,95%,100%,78%,0,0,0,3,62
laptop,3.750.000 ₫,50% Off,,,Hà Nội,7.500.000 ₫,Miễn phí,,,,0,0,0,0,0
laptop,6.519.809 ₫,8% Off,294 Đã bán,(118),Hồ Chí Minh,8.999.999 ₫,Miễn phí,96%,100%,,1,0,2,0,115
laptop,1.099.000 ₫,52% Off,7 Đã bán,(3),Bắc Ninh,2.299.000 ₫,Miễn phí,100%,100%,71%,0,0,0,0,3
laptop,1.239.000 ₫,38% Off,22 Đã bán,(10),Hồ Chí Minh,2.200.000 ₫,Miễn phí,91%,100%,100%,0,0,0,0,10
laptop,32.940.000 ₫,6% Off,9 Đã bán,,Hồ Chí Minh,39.990.000 ₫,19.600 ₫,97%,67%,100%,0,0,0,0,0
laptop,864.999 ₫,28% Off,15 Đã bán,(2),Hưng Yên,1.499.999 ₫,100.600 ₫,86%,100%,88%,1,0,0,0,1
laptop,687.608 ₫,31% Off,25 Đã bán,(14),Nước ngoài,999.999 ₫,Miễn phí,98%,100%,100%,0,0,0,0,14
laptop,74.000 ₫,50% Off,,(40),Nước ngoài,148.000 ₫,17.000 ₫,90%,71%,,1,0,1,1,38
laptop,465.000 ₫,6% Off,2.2K Đã bán,(789),Hồ Chí Minh,199.000 ₫,16.500 ₫,99%,100%,100%,3,1,2,12,771
laptop,6.520.000 ₫,,43 Đã bán,(14),Hưng Yên,,37.700 ₫,100%,98%,100%,0,0,0,2,12
laptop,121.000 ₫,56% Off,16 Đã bán,(6),Hà Nội,278.000 ₫,32.700 ₫,96%,100%,100%,0,0,0,0,6
laptop,1.290.000 ₫,,,,Bình Dương,,118.500 ₫,,,,0,0,0,0,0
laptop,3.390.000 ₫,15% Off,,(3),Hà Nội,4.000.000 ₫,52.400 ₫,91%,75%,100%,0,0,0,0,3
laptop,5.499.000 ₫,25% Off,130 Đã bán,(57),Hà Nội,7.299.000 ₫,74.400 ₫,96%,100%,100%,0,0,0,2,55
laptop,1.490.000 ₫,32% Off,10 Đã bán,(3),Hà Nội,2.200.000 ₫,55.400 ₫,95%,100%,100%,0,0,0,1,2
laptop,24.610.000 ₫,,6 Đã bán,,Hồ Chí Minh,,74.700 ₫,92%,20%,90%,0,0,0,0,0
laptop,5.618.818 ₫,57% Off,33 Đã bán,(19),Hồ Chí Minh,13.999.998 ₫,Miễn phí,97%,81%,100%,1,0,0,0,18
laptop,15.490.000 ₫,25% Off,20 Đã bán,(7),Hồ Chí Minh,20.590.000 ₫,20.700 ₫,98%,77%,66%,0,0,0,1,6
laptop,4.600.000 ₫,,,(1),Hưng Yên,,70.000 ₫,91%,65%,100%,0,0,0,0,1
laptop,3.900.000 ₫,,,,Hưng Yên,,70.000 ₫,91%,65%,100%,0,0,0,0,0
laptop,21.799.000 ₫,13% Off,8 Đã bán,,Hồ Chí Minh,25.000.000 ₫,23.800 ₫,93%,100%,,0,0,0,0,0
laptop,21.600.000 ₫,8% Off,,(1),Hồ Chí Minh,23.590.000 ₫,Miễn phí,94%,86%,100%,0,0,0,0,1
laptop,5.200.000 ₫,,,,Thanh Hóa,,100.600 ₫,,,,0,0,0,0,0
laptop,6.500.000 ₫,,19 Đã bán,(8),Hưng Yên,,70.000 ₫,91%,65%,100%,0,0,0,0,8
laptop,19.690.000 ₫,10% Off,,,Hồ Chí Minh,21.990.000 ₫,,96%,,83%,0,0,0,0,0
laptop,10.590.000 ₫,,,,Thanh Hóa,,56.800 ₫,96%,100%,75%,0,0,0,0,0
laptop,3.500.000 ₫,12% Off,10 Đã bán,(4),Hưng Yên,3.990.000 ₫,56.800 ₫,91%,65%,100%,0,0,0,0,4
laptop,48.683.200 ₫,,10 Đã bán,,Hà Nội,,74.400 ₫,92%,,,0,0,0,0,0
laptop,8.400.000 ₫,,16 Đã bán,(5),Hưng Yên,,70.000 ₫,91%,65%,100%,0,0,0,0,5
laptop,3.400.000 ₫,,12 Đã bán,(5),Hưng Yên,,70.000 ₫,91%,65%,100%,0,0,0,0,5
laptop,1.700.000 ₫,,,,Hưng Yên,,80.200 ₫,,,,0,0,0,0,0
laptop,7.156.999 ₫,53% Off,20 Đã bán,(4),Hải Phòng,14.099.999 ₫,Miễn phí,100%,100%,80%,0,0,0,0,4
laptop,29.990.000 ₫,25% Off,,,Hồ Chí Minh,39.999.000 ₫,Miễn phí,99%,97%,95%,0,0,0,0,0
laptop,27.990.000 ₫,26% Off,,,Hồ Chí Minh,37.999.000 ₫,Miễn phí,99%,97%,95%,0,0,0,0,0
laptop,2.990.000 ₫,,,,Hưng Yên,,70.000 ₫,91%,65%,100%,0,0,0,0,0
laptop,15.089.000 ₫,8% Off,,,Hồ Chí Minh,16.489.000 ₫,12.800 ₫,97%,98%,85%,0,0,0,0,0
laptop,350.000 ₫,,,,Tây Ninh,,48.200 ₫,97%,100%,80%,0,0,0,0,0
laptop,689.000 ₫,23% Off,8 Đã bán,(7),Hà Nội,899.000 ₫,38.000 ₫,97%,100%,100%,0,0,0,0,7
laptop,1.798.761 ₫,10% Off,19 Đã bán,(6),Hà Nội,4.290.000 ₫,84.600 ₫,94%,100%,76%,0,0,0,0,6
laptop,1.000.000 ₫,,81 Đã bán,(28),Hà Nội,,198.200 ₫,94%,20%,83%,2,1,1,3,21
laptop,990.000 ₫,1% Off,36 Đã bán,(15),Hải Dương,1.500.000 ₫,90.700 ₫,94%,100%,75%,1,0,1,0,13
laptop,1.799.000 ₫,,118 Đã bán,(35),Đồng Nai,,65.500 ₫,96%,50%,100%,0,0,0,1,35
laptop,2.300.000 ₫,47% Off,56 Đã bán,(25),Bình Dương,4.300.000 ₫,28.700 ₫,88%,100%,66%,3,2,1,2,17
laptop,6.614.299 ₫,27% Off,91 Đã bán,(49),Hồ Chí Minh,8.999.999 ₫,Miễn phí,96%,100%,,1,0,0,2,46
laptop,1.799.000 ₫,,146 Đã bán,(41),Đồng Nai,,65.500 ₫,99%,100%,100%,0,0,0,1,40
laptop,47.000 ₫,53% Off,18 Đã bán,(3),Hà Nội,129.000 ₫,32.700 ₫,99%,100%,100%,0,0,0,0,4
laptop,52.406 ₫,53% Off,1.6K Đã bán,(440),Hồ Chí Minh,151.000 ₫,17.000 ₫,93%,99%,100%,8,1,3,16,412
laptop,4.000.000 ₫,50% Off,,(1),Hồ Chí Minh,8.598.000 ₫,10.200 ₫,91%,100%,80%,0,0,0,0,1
laptop,2.550.000 ₫,49% Off,169 Đã bán,(50),Thái Bình,5.000.000 ₫,80.200 ₫,95%,100%,,2,0,0,2,46
laptop,3.300.000 ₫,43% Off,,,Hồ Chí Minh,6.500.000 ₫,23.800 ₫,96%,100%,100%,0,0,0,0,0
laptop,14.699.000 ₫,30% Off,38 Đã bán,(12),Hồ Chí Minh,21.000.000 ₫,23.800 ₫,100%,100%,100%,0,0,0,0,12
laptop,1.700.000 ₫,,17 Đã bán,(8),Hưng Yên,,56.800 ₫,91%,65%,100%,0,0,0,1,7
laptop,2.268.000 ₫,,,(1),Nghệ An,,56.800 ₫,94%,92%,92%,0,0,0,0,1
laptop,361.200 ₫,23% Off,,,Nước ngoài,469.560 ₫,Miễn phí,97%,100%,100%,0,0,0,0,0
laptop,2.848.000 ₫,,,(1),Nghệ An,,56.800 ₫,94%,92%,92%,0,0,0,0,1
laptop,3.788.000 ₫,12% Off,11 Đã bán,(5),Nghệ An,,63.300 ₫,94%,92%,92%,0,0,1,1,3
laptop,4.388.000 ₫,,,,Nghệ An,,63.300 ₫,94%,92%,92%,0,0,0,0,0
laptop,2.500.000 ₫,,,,Đồng Nai,,40.300 ₫,,,100%,0,0,0,0,0
laptop,195.000 ₫,38% Off,9 Đã bán,(9),Nước ngoài,312.000 ₫,,95%,,100%,0,0,0,0,9
laptop,3.890.000 ₫,15% Off,,(1),Hà Nội,4.600.000 ₫,52.400 ₫,91%,75%,100%,0,0,0,0,1
laptop,8.500.000 ₫,,,(1),Thanh Hóa,,Miễn phí,92%,,33%,0,0,0,0,1
laptop,3.800.000 ₫,,17 Đã bán,(5),Hưng Yên,,70.000 ₫,91%,65%,100%,1,0,1,0,3
laptop,2.358.000 ₫,15% Off,,(1),Nghệ An,2.788.000 ₫,63.300 ₫,94%,92%,92%,0,0,0,0,1
laptop,5.990.000 ₫,9% Off,,(2),Thanh Hóa,6.590.000 ₫,56.800 ₫,96%,100%,75%,1,0,0,0,1
laptop,47.990.000 ₫,,6 Đã bán,,Hồ Chí Minh,,45.100 ₫,,,,0,0,0,0,0
laptop,6.300.000 ₫,,15 Đã bán,(1),Hưng Yên,,70.000 ₫,91%,65%,100%,0,0,0,0,1
laptop,9.630.000 ₫,,19 Đã bán,,Hồ Chí Minh,,52.300 ₫,92%,20%,90%,0,0,0,0,0
laptop,22.990.000 ₫,43% Off,,,Hồ Chí Minh,39.999.000 ₫,Miễn phí,98%,98%,94%,0,0,0,0,0
laptop,2.990.000 ₫,,19 Đã bán,(9),Hưng Yên,,90.400 ₫,91%,65%,100%,0,0,0,1,8
laptop,9.890.000 ₫,18% Off,,,Hồ Chí Minh,11.990.000 ₫,21.200 ₫,97%,99%,88%,0,0,0,0,0
laptop,3.500.000 ₫,12% Off,30 Đã bán,(12),Hưng Yên,4.600.000 ₫,80.200 ₫,91%,65%,100%,1,1,4,0,6
laptop,5.900.000 ₫,31% Off,,,Thanh Hóa,8.500.000 ₫,56.800 ₫,96%,100%,75%,0,0,0,0,0
laptop,42.315.000 ₫,,7 Đã bán,,Hồ Chí Minh,,74.700 ₫,92%,20%,90%,0,0,0,0,0
laptop,20.950.000 ₫,7% Off,,,Hồ Chí Minh,22.590.000 ₫,Miễn phí,94%,86%,100%,0,0,0,0,0
laptop,29.900.000 ₫,,5 Đã bán,,Hà Nội,,34.100 ₫,90%,100%,75%,0,0,0,0,0
laptop,2.500.000 ₫,,,(1),Hưng Yên,,80.200 ₫,91%,65%,100%,0,0,0,0,1
laptop,2.500.000 ₫,,6 Đã bán,,Hưng Yên,,56.800 ₫,91%,65%,100%,0,0,0,0,0
laptop,17.989.000 ₫,"38% Off
LazFlash Sale,kết thúc sau 23h",3.0K Đã bán,(671),Bắc Ninh,28.990.000 ₫,10.200 ₫,94%,98%,100%,28,5,10,17,611
laptop,2.995.000 ₫,50% Off,,,Hà Nội,5.990.000 ₫,Miễn phí,,,,0,0,0,0,0
laptop,3.200.000 ₫,50% Off,,,Hà Nội,6.400.000 ₫,Miễn phí,,,,0,0,0,0,0
laptop,10.490.000 ₫,19% Off,351 Đã bán,(108),Hồ Chí Minh,12.990.000 ₫,21.200 ₫,98%,77%,66%,3,0,0,1,104
laptop,6.685.956 ₫,27% Off,69 Đã bán,(28),Hồ Chí Minh,9.999.999 ₫,Miễn phí,97%,,100%,0,0,0,0,28
laptop,1.000.000 ₫,,81 Đã bán,(28),Hà Nội,,198.200 ₫,94%,20%,83%,2,1,1,3,21
laptop,39.000 ₫,17% Off,312 Đã bán,(67),Hồ Chí Minh,47.000 ₫,17.000 ₫,96%,98%,90%,11,1,3,5,47
laptop,902.899 ₫,25% Off,11 Đã bán,(2),Hưng Yên,1.499.999 ₫,70.000 ₫,86%,100%,88%,1,0,0,0,2
laptop,1.571.000 ₫,,17 Đã bán,(6),Hà Nội,,64.700 ₫,79%,84%,95%,0,0,1,0,4
laptop,350.000 ₫,,,,Tây Ninh,,48.200 ₫,97%,100%,80%,0,0,0,0,0
laptop,4.173.000 ₫,"11% Off
LazFlash Sale,kết thúc sau 1 ngày",154 Đã bán,(49),Hưng Yên,6.459.000 ₫,56.800 ₫,97%,100%,100%,0,0,1,3,46
laptop,1.300.000 ₫,28% Off,83 Đã bán,(41),Hà Nội,,74.400 ₫,92%,50%,85%,0,0,0,6,35
laptop,3.248.000 ₫,10% Off,64 Đã bán,(28),Nghệ An,3.598.000 ₫,56.800 ₫,94%,92%,92%,0,0,0,0,28
laptop,3.258.000 ₫,19% Off,73 Đã bán,(32),Nghệ An,3.998.000 ₫,56.800 ₫,94%,92%,92%,0,0,1,0,31
laptop,1.200.000 ₫,48% Off,24 Đã bán,(11),Hồ Chí Minh,2.300.000 ₫,Miễn phí,91%,100%,100%,0,1,0,1,9
laptop,465.000 ₫,6% Off,2.2K Đã bán,(789),Hồ Chí Minh,199.000 ₫,16.500 ₫,99%,100%,100%,3,1,2,12,771
laptop,4.390.000 ₫,"20% Off
LazFlash Sale,kết thúc sau 1 ngày",126 Đã bán,(29),Hà Nội,5.900.000 ₫,Miễn phí,98%,100%,100%,0,0,1,0,28
laptop,978.780 ₫,11% Off,9 Đã bán,(1),Tiền Giang,1.100.000 ₫,40.300 ₫,82%,86%,88%,0,0,0,0,1
laptop,1.799.000 ₫,,118 Đã bán,(35),Đồng Nai,,65.500 ₫,96%,50%,100%,0,0,0,1,35
laptop,27.590.000 ₫,16% Off,147 Đã bán,(3),Hồ Chí Minh,32.990.000 ₫,10.200 ₫,94%,98%,100%,0,0,0,0,4
laptop,2.455.000 ₫,,14 Đã bán,(2),Hà Nội,,38.000 ₫,79%,84%,95%,0,0,1,0,1
laptop,27.290.000 ₫,3% Off,10 Đã bán,,Hồ Chí Minh,32.999.000 ₫,9.700 ₫,94%,98%,100%,0,0,0,0,0
laptop,1.200.000 ₫,8% Off,147 Đã bán,(62),Hồ Chí Minh,1.500.000 ₫,13.800 ₫,90%,100%,100%,5,0,1,3,54
laptop,1.239.000 ₫,38% Off,22 Đã bán,(10),Hồ Chí Minh,2.200.000 ₫,Miễn phí,91%,100%,100%,0,0,0,0,10
laptop,2.550.000 ₫,49% Off,169 Đã bán,(50),Thái Bình,5.000.000 ₫,80.200 ₫,95%,100%,,2,0,0,2,46
laptop,990.000 ₫,1% Off,36 Đã bán,(15),Hải Dương,1.500.000 ₫,90.700 ₫,94%,100%,75%,1,0,1,0,13
laptop,4.804.919 ₫,44% Off,97 Đã bán,(23),Hải Phòng,8.599.999 ₫,51.100 ₫,88%,100%,100%,3,0,1,0,20
laptop,1.600.000 ₫,,261 Đã bán,(133),Nghệ An,,56.800 ₫,95%,100%,,6,1,2,9,115
laptop,7.689.000 ₫,,40 Đã bán,(7),Hưng Yên,,37.700 ₫,100%,98%,100%,0,0,0,0,7
laptop,3.390.000 ₫,15% Off,,(3),Hà Nội,4.000.000 ₫,52.400 ₫,91%,75%,100%,0,0,0,0,3
laptop,1.089.839 ₫,16% Off,,(3),Hưng Yên,1.399.999 ₫,80.200 ₫,86%,100%,88%,0,0,0,0,3
laptop,400.000 ₫,,,(1),Tiền Giang,,40.300 ₫,87%,28%,100%,0,0,0,0,1
laptop,400.000 ₫,,9 Đã bán,(2),Tiền Giang,,40.300 ₫,87%,28%,100%,0,0,0,0,2
laptop,4.799.999 ₫,40% Off,117 Đã bán,(33),Hải Phòng,7.939.999 ₫,Miễn phí,95%,99%,100%,1,0,0,0,32
laptop,1.200.000 ₫,48% Off,,,Hồ Chí Minh,2.300.000 ₫,Miễn phí,91%,100%,100%,0,0,0,0,0
laptop,6.614.299 ₫,27% Off,91 Đã bán,(49),Hồ Chí Minh,8.999.999 ₫,Miễn phí,96%,100%,,1,0,0,2,46
laptop,631.000 ₫,18% Off,,,Nước ngoài,768.000 ₫,Miễn phí,100%,,100%,0,0,0,0,0
laptop,6.519.809 ₫,8% Off,294 Đã bán,(118),Hồ Chí Minh,8.999.999 ₫,Miễn phí,96%,100%,,1,0,2,0,115
laptop,2.550.000 ₫,20% Off,33 Đã bán,(9),Hà Nội,3.200.000 ₫,52.400 ₫,91%,75%,100%,0,0,0,0,9
laptop,1.790.000 ₫,,11 Đã bán,(1),Hà Nội,,51.500 ₫,79%,84%,95%,0,0,0,0,1
laptop,1.798.761 ₫,10% Off,19 Đã bán,(6),Hà Nội,4.290.000 ₫,84.600 ₫,94%,100%,76%,0,0,0,0,6
laptop,4.560.080 ₫,21% Off,28 Đã bán,(15),Hà Nội,6.500.000 ₫,84.600 ₫,94%,100%,76%,0,2,0,1,12
laptop,2.622.600 ₫,42% Off,89 Đã bán,(36),Hồ Chí Minh,4.100.000 ₫,16.500 ₫,96%,80%,94%,1,1,1,5,28
laptop,2.834.699 ₫,19% Off,52 Đã bán,(4),Hà Nội,6.500.000 ₫,Miễn phí,98%,100%,100%,0,0,0,0,4
laptop,79.120 ₫,65% Off,9 Đã bán,(5),Nước ngoài,228.000 ₫,17.000 ₫,95%,93%,99%,0,0,0,0,6
laptop,3.240.000 ₫,,5 Đã bán,,Hà Nội,,Miễn phí,98%,100%,100%,0,0,0,0,0
laptop,3.730.000 ₫,37% Off,31 Đã bán,(11),Hồ Chí Minh,6.800.000 ₫,27.300 ₫,96%,100%,100%,1,0,0,0,10
laptop,2.668.000 ₫,8% Off,33 Đã bán,(18),Nghệ An,2.898.000 ₫,56.800 ₫,94%,92%,92%,0,2,0,2,15
laptop,3.400.000 ₫,,14 Đã bán,,Quảng Trị,,37.700 ₫,97%,,,0,0,0,0,0
laptop,864.999 ₫,28% Off,15 Đã bán,(2),Hưng Yên,1.499.999 ₫,100.600 ₫,86%,100%,88%,1,0,0,0,1
laptop,1.200.000 ₫,,25 Đã bán,(10),Tiền Giang,,32.200 ₫,87%,28%,100%,0,0,0,1,9
laptop,2.500.000 ₫,,102 Đã bán,(46),Hà Nội,,104.900 ₫,92%,50%,85%,0,0,2,1,43
laptop,1.300.000 ₫,13% Off,58 Đã bán,(24),Hồ Chí Minh,1.500.000 ₫,13.800 ₫,90%,100%,100%,1,0,1,4,18
laptop,1.799.000 ₫,,146 Đã bán,(41),Đồng Nai,,65.500 ₫,99%,100%,100%,0,0,0,1,40
laptop,999.999 ₫,17% Off,38 Đã bán,(10),Hưng Yên,1.199.999 ₫,100.600 ₫,82%,100%,,1,1,1,0,7
laptop,1.200.000 ₫,8% Off,138 Đã bán,(56),Hồ Chí Minh,1.850.000 ₫,13.800 ₫,90%,100%,100%,4,2,1,2,47
laptop,1.799.000 ₫,,147 Đã bán,(39),Đồng Nai,,65.500 ₫,99%,100%,100%,0,0,0,1,39
laptop,2.300.000 ₫,8% Off,,(0),Hà Nội,3.000.000 ₫,104.900 ₫,92%,50%,85%,0,0,0,0,1
laptop,1.900.000 ₫,,29 Đã bán,(5),Hà Nội,,38.000 ₫,79%,84%,95%,1,0,0,0,4
laptop,1.799.000 ₫,,52 Đã bán,(13),Đồng Nai,,Miễn phí,96%,50%,100%,0,0,0,0,14
laptop,1.950.000 ₫,,,,Hồ Chí Minh,,38.000 ₫,,,100%,0,0,0,0,0
laptop,6.851.459 ₫,24% Off,127 Đã bán,(27),Hồ Chí Minh,9.999.999 ₫,Miễn phí,97%,,100%,0,0,0,0,27
laptop,1.067.760 ₫,18% Off,18 Đã bán,(6),Hồ Chí Minh,1.300.000 ₫,13.800 ₫,90%,100%,100%,0,0,0,0,6
laptop,1.490.000 ₫,32% Off,10 Đã bán,(3),Hà Nội,2.200.000 ₫,55.400 ₫,95%,100%,100%,0,0,0,1,2
laptop,5.618.818 ₫,"57% Off
Áp dụng voucher",33 Đã bán,(19),Hồ Chí Minh,13.999.998 ₫,Miễn phí,97%,81%,100%,1,0,0,0,18
laptop,4.351.599 ₫,48% Off,25 Đã bán,(5),Hải Phòng,8.299.999 ₫,Miễn phí,100%,100%,80%,0,0,0,0,5
laptop,2.700.000 ₫,36% Off,,(2),Hồ Chí Minh,4.200.000 ₫,20.100 ₫,88%,100%,,0,0,0,0,1
laptop,7.250.089 ₫,19% Off,129 Đã bán,(35),Hồ Chí Minh,8.999.999 ₫,Miễn phí,95%,100%,83%,1,0,0,0,34
laptop,6.228.599 ₫,28% Off,302 Đã bán,(126),Hồ Chí Minh,12.900.000 ₫,Miễn phí,95%,100%,83%,5,0,0,0,122
laptop,3.999.999 ₫,,7 Đã bán,(3),Hà Nội,,Miễn phí,98%,100%,100%,0,0,0,0,3
laptop,1.700.000 ₫,,17 Đã bán,(8),Hưng Yên,,56.800 ₫,91%,65%,100%,0,0,0,1,7
laptop,2.990.000 ₫,,,,Hưng Yên,,70.000 ₫,91%,65%,100%,0,0,0,0,0
laptop,2.500.000 ₫,44% Off,7 Đã bán,(2),Phú Thọ,4.800.000 ₫,51.100 ₫,87%,,,0,0,0,0,2
laptop,1.499.999 ₫,6% Off,,,Hưng Yên,1.999.999 ₫,100.600 ₫,86%,100%,88%,0,0,0,0,0
laptop,5.622.499 ₫,14% Off,8 Đã bán,(2),Hà Nội,,Miễn phí,98%,100%,100%,0,0,0,0,2
laptop,29.990.000 ₫,25% Off,,,Hà Nội,39.999.000 ₫,21.200 ₫,99%,97%,98%,0,0,0,0,0
laptop,2.789.000 ₫,20% Off,157 Đã bán,(66),Quảng Trị,4.199.000 ₫,70.000 ₫,97%,,,0,0,0,4,62
laptop,455.555 ₫,18% Off,,,Nước ngoài,555.555 ₫,Miễn phí,100%,,100%,0,0,0,0,0
laptop,8.890.000 ₫,29% Off,,,Hồ Chí Minh,12.490.000 ₫,20.100 ₫,97%,99%,88%,0,0,0,0,0
laptop,7.224.999 ₫,52% Off,51 Đã bán,(5),Hải Phòng,13.899.999 ₫,Miễn phí,100%,100%,80%,0,0,0,0,5
laptop,631.000 ₫,18% Off,,,Nước ngoài,845.000 ₫,Miễn phí,100%,,100%,0,0,0,0,0
laptop,7.020.000 ₫,33% Off,,(1),Hồ Chí Minh,10.500.000 ₫,Miễn phí,96%,100%,100%,0,0,0,0,1
laptop,7.570.000 ₫,,55 Đã bán,(13),Hà Nội,,Miễn phí,98%,100%,100%,0,0,0,0,13
laptop,5.999.999 ₫,25% Off,13 Đã bán,(9),Hồ Chí Minh,7.999.999 ₫,Miễn phí,97%,,100%,0,1,0,0,8
laptop,1.799.000 ₫,,75 Đã bán,(21),Đồng Nai,,65.500 ₫,96%,50%,100%,1,0,0,1,19
laptop,2.900.000 ₫,50% Off,13 Đã bán,(3),Hồ Chí Minh,5.800.000 ₫,27.300 ₫,96%,100%,100%,0,0,0,0,4
laptop,400.000 ₫,,5 Đã bán,(1),Tiền Giang,,40.300 ₫,87%,28%,100%,1,0,0,0,0
laptop,1.842.000 ₫,,,,Hà Nội,,64.700 ₫,79%,84%,95%,0,0,0,0,0
laptop,700.000 ₫,,,(1),Tiền Giang,,32.200 ₫,82%,86%,88%,1,0,0,0,0
laptop,2.570.000 ₫,10% Off,33 Đã bán,(10),Hà Nội,3.270.000 ₫,Miễn phí,98%,100%,100%,0,0,0,1,10
laptop,2.400.000 ₫,,31 Đã bán,(10),Hà Nội,,74.400 ₫,92%,50%,85%,0,0,1,2,7
laptop,1.300.000 ₫,,14 Đã bán,(8),Hà Nội,,104.900 ₫,92%,50%,85%,0,0,0,0,8
laptop,1.799.000 ₫,,170 Đã bán,(49),Đồng Nai,,65.500 ₫,97%,,,2,0,0,0,47
laptop,1.900.000 ₫,5% Off,33 Đã bán,(14),Hồ Chí Minh,2.000.000 ₫,13.800 ₫,90%,100%,100%,0,0,1,1,12
laptop,4.000.000 ₫,50% Off,,(1),Hồ Chí Minh,8.598.000 ₫,10.200 ₫,91%,100%,80%,0,0,0,0,1
laptop,1.799.000 ₫,,133 Đã bán,(36),Đồng Nai,,65.500 ₫,99%,100%,100%,0,0,0,0,36
laptop,14.699.000 ₫,30% Off,38 Đã bán,(12),Hồ Chí Minh,21.000.000 ₫,23.800 ₫,100%,100%,100%,0,0,0,0,12
laptop,1.799.000 ₫,,50 Đã bán,(13),Đồng Nai,,65.500 ₫,96%,50%,100%,0,0,0,1,12
laptop,78.886 ₫,,,(1),Hồ Chí Minh,,18.300 ₫,99%,100%,100%,0,0,0,0,1
laptop,2.000.000 ₫,,5 Đã bán,,Hồ Chí Minh,,27.300 ₫,,,,0,0,0,0,0
laptop,400.000 ₫,1% Off,,,Nước ngoài,935.000 ₫,Miễn phí,,33%,,0,0,0,0,0
laptop,6.414.925 ₫,"52% Off
Áp dụng voucher",27 Đã bán,(20),Hồ Chí Minh,12.999.999 ₫,Miễn phí,97%,81%,100%,1,0,0,0,18
laptop,7.191.218 ₫,40% Off,103 Đã bán,(39),Hồ Chí Minh,,Miễn phí,98%,,,1,0,1,0,37
laptop,5.499.000 ₫,25% Off,130 Đã bán,(57),Hà Nội,7.299.000 ₫,74.400 ₫,96%,100%,100%,0,0,0,2,55
laptop,3.500.000 ₫,,15 Đã bán,(3),Hồ Chí Minh,,20.100 ₫,88%,100%,,0,0,0,0,3
laptop,2.100.000 ₫,,,,Hà Nội,,Miễn phí,,,,0,0,0,0,0
laptop,1.290.000 ₫,,,,Bình Dương,,118.500 ₫,,,,0,0,0,0,0
laptop,222.000 ₫,73% Off,,,Nước ngoài,863.000 ₫,17.000 ₫,95%,93%,99%,0,0,0,0,0
laptop,2.350.000 ₫,22% Off,48 Đã bán,(24),Hà Nội,3.000.000 ₫,55.400 ₫,95%,100%,100%,0,2,0,2,20
laptop,2.198.000 ₫,,,,Nghệ An,,63.300 ₫,94%,92%,92%,0,0,0,0,0
laptop,2.268.000 ₫,,,(1),Nghệ An,,56.800 ₫,94%,92%,92%,0,0,0,0,1
laptop,5.900.000 ₫,31% Off,,,Thanh Hóa,8.500.000 ₫,56.800 ₫,96%,100%,75%,0,0,0,0,0
laptop,3.800.000 ₫,,17 Đã bán,(5),Hưng Yên,,70.000 ₫,91%,65%,100%,1,0,1,0,3
laptop,990.000 ₫,42% Off,,,Thanh Hóa,1.699.969 ₫,80.200 ₫,86%,100%,,0,0,0,0,0
laptop,3.500.000 ₫,49% Off,,(1),Hồ Chí Minh,6.800.000 ₫,23.800 ₫,96%,100%,100%,0,0,0,0,1
laptop,25.080.000 ₫,13% Off,,,Hà Nội,28.840.000 ₫,74.400 ₫,100%,,,0,0,0,0,0
laptop,2.990.000 ₫,25% Off,13 Đã bán,(8),Hà Nội,3.990.000 ₫,51.500 ₫,100%,100%,,0,1,0,0,7
laptop,7.131.799 ₫,52% Off,21 Đã bán,(4),Hải Phòng,16.099.999 ₫,Miễn phí,100%,100%,80%,0,0,0,0,5
laptop,4.600.000 ₫,,,(1),Hưng Yên,,70.000 ₫,91%,65%,100%,0,0,0,0,1
laptop,3.800.000 ₫,46% Off,,(1),Hồ Chí Minh,7.000.000 ₫,16.500 ₫,96%,80%,94%,0,0,0,1,0
laptop,1.200.000 ₫,14% Off,145 Đã bán,(53),Hồ Chí Minh,1.400.000 ₫,13.800 ₫,90%,100%,100%,3,2,1,2,45
laptop,9.490.000 ₫,42% Off,8 Đã bán,(3),Hà Nội,16.426.000 ₫,51.500 ₫,92%,,,0,0,0,0,3
laptop,7.254.959 ₫,45% Off,16 Đã bán,(3),Hải Phòng,13.199.999 ₫,Miễn phí,100%,100%,80%,0,0,0,0,3
laptop,3.470.000 ₫,,9 Đã bán,(5),Hà Nội,,Miễn phí,98%,100%,100%,0,0,1,0,4
laptop,3.890.000 ₫,15% Off,,(1),Hà Nội,4.600.000 ₫,52.400 ₫,91%,75%,100%,0,0,0,0,1
laptop,4.439.400 ₫,"56% Off
Giá Chào Sàn",,,Hồ Chí Minh,10.500.000 ₫,16.500 ₫,96%,80%,94%,0,0,0,0,0
laptop,8.400.000 ₫,,16 Đã bán,(5),Hưng Yên,,70.000 ₫,91%,65%,100%,0,0,0,0,5
laptop,6.900.000 ₫,,123 Đã bán,(52),Hà Nội,,49.400 ₫,96%,,,0,0,0,0,52
laptop,4.650.000 ₫,,8 Đã bán,(1),Hà Nội,,45.100 ₫,99%,100%,100%,0,0,0,0,1
laptop,6.047.091 ₫,45% Off,11 Đã bán,(5),Hà Nội,11.000.000 ₫,38.000 ₫,94%,100%,76%,0,0,0,0,5
laptop,3.800.000 ₫,,90 Đã bán,(25),Nam Định,,56.800 ₫,99%,100%,100%,0,0,0,0,25
laptop,6.000.000 ₫,,136 Đã bán,(42),Nam Định,,56.800 ₫,99%,100%,100%,0,0,0,0,42
laptop,3.256.000 ₫,45% Off,45 Đã bán,(16),Hồ Chí Minh,8.800.000 ₫,23.800 ₫,96%,100%,100%,0,0,1,0,15
laptop,1.799.000 ₫,,64 Đã bán,(18),Đồng Nai,,65.500 ₫,96%,50%,100%,1,0,0,1,16
laptop,2.699.000 ₫,,,,Đồng Nai,,48.200 ₫,97%,100%,,0,0,0,0,0
laptop,2.699.000 ₫,,,,Đồng Nai,,48.200 ₫,97%,100%,,0,0,0,0,0
laptop,2.500.000 ₫,,25 Đã bán,(10),Hà Nội,,104.900 ₫,92%,50%,85%,0,0,0,2,9
laptop,3.000.000 ₫,40% Off,5 Đã bán,(4),Hà Nội,4.998.000 ₫,74.400 ₫,79%,84%,95%,0,0,0,0,3
laptop,1.799.000 ₫,,125 Đã bán,(34),Đồng Nai,,65.500 ₫,99%,100%,100%,1,0,0,0,33
laptop,299.712 ₫,,,,Hồ Chí Minh,,18.300 ₫,99%,100%,100%,0,0,0,0,0
laptop,668.113 ₫,33% Off,,,Nước ngoài,999.900 ₫,17.000 ₫,100%,,,0,0,0,0,0
laptop,15.200.000 ₫,31% Off,69 Đã bán,(22),Hồ Chí Minh,22.000.000 ₫,23.800 ₫,100%,100%,100%,0,0,0,0,22
laptop,2.789.000 ₫,29% Off,22 Đã bán,(8),Hưng Yên,5.200.000 ₫,63.300 ₫,91%,65%,100%,0,0,0,1,6
laptop,11.000.000 ₫,13% Off,,,Hà Nội,12.650.000 ₫,64.700 ₫,100%,,,0,0,0,0,1
laptop,3.900.000 ₫,,,,Hưng Yên,,70.000 ₫,91%,65%,100%,0,0,0,0,0
laptop,2.150.000 ₫,,23 Đã bán,(7),Hà Nội,,Miễn phí,97%,100%,100%,0,0,0,0,7
laptop,8.800.000 ₫,,24 Đã bán,(7),Hà Nội,,38.000 ₫,97%,100%,100%,0,0,0,0,7
laptop,1.799.000 ₫,,177 Đã bán,(43),Đồng Nai,,65.500 ₫,97%,,,1,0,1,0,41
laptop,1.990.000 ₫,,7 Đã bán,(1),Hà Nội,,Miễn phí,95%,,,0,0,0,0,1
laptop,26.000.000 ₫,10% Off,8 Đã bán,,Hồ Chí Minh,28.790.000 ₫,Miễn phí,94%,86%,100%,0,0,0,0,0
laptop,5.200.000 ₫,,,,Thanh Hóa,,100.600 ₫,,,,0,0,0,0,0
laptop,5.300.000 ₫,,,,Hà Nội,,Miễn phí,,100%,100%,0,0,0,0,0
laptop,4.500.000 ₫,,14 Đã bán,(5),Hưng Yên,,51.100 ₫,100%,98%,100%,0,0,0,0,5
laptop,3.900.000 ₫,,,,Thanh Hóa,,100.600 ₫,,,,0,0,0,0,0
laptop,8.269.999 ₫,44% Off,,,Hải Phòng,15.399.999 ₫,Miễn phí,100%,100%,80%,0,0,0,0,0
laptop,4.200.000 ₫,28% Off,5 Đã bán,(3),Hồ Chí Minh,5.800.000 ₫,16.500 ₫,96%,80%,94%,0,0,0,0,4
laptop,7.156.999 ₫,53% Off,20 Đã bán,(4),Hải Phòng,14.099.999 ₫,Miễn phí,100%,100%,80%,0,0,0,0,4
laptop,3.500.000 ₫,12% Off,30 Đã bán,(12),Hưng Yên,4.600.000 ₫,80.200 ₫,91%,65%,100%,1,1,4,0,6
laptop,2.496.000 ₫,7% Off,5 Đã bán,(2),Nghệ An,2.998.000 ₫,63.300 ₫,94%,92%,92%,0,0,0,0,3
laptop,3.270.000 ₫,24% Off,9 Đã bán,(1),Hà Nội,4.289.000 ₫,Miễn phí,98%,100%,100%,0,0,0,0,1
laptop,1.099.000 ₫,,,,Hà Nội,,63.400 ₫,93%,92%,85%,0,0,0,0,0
laptop,9.956.862 ₫,11% Off,32 Đã bán,(6),Hà Nội,12.190.000 ₫,,95%,100%,100%,0,0,0,0,6
laptop,8.300.000 ₫,,46 Đã bán,(5),Hà Nội,,Miễn phí,95%,,,0,0,0,0,5
laptop,800.000 ₫,,,,Tiền Giang,,40.300 ₫,87%,28%,100%,0,0,0,0,0
laptop,9.706.000 ₫,,18 Đã bán,(3),Hà Nội,,64.700 ₫,92%,,,0,0,0,0,3
laptop,7.290.599 ₫,49% Off,15 Đã bán,(2),Hải Phòng,14.299.999 ₫,Miễn phí,100%,100%,80%,0,0,0,0,3
laptop,2.870.000 ₫,12% Off,7 Đã bán,(2),Hà Nội,3.270.000 ₫,Miễn phí,98%,100%,100%,0,0,0,1,1
laptop,3.990.000 ₫,20% Off,5 Đã bán,(2),Hà Nội,5.390.000 ₫,57.700 ₫,100%,,,0,0,0,0,2
laptop,500.000 ₫,,,,Vĩnh Phúc,,2.695.100 ₫,,,,0,0,0,0,0
laptop,990.000 ₫,42% Off,,(2),Thanh Hóa,1.699.989 ₫,70.000 ₫,86%,100%,,0,1,0,0,1
laptop,2.450.000 ₫,,17 Đã bán,(10),Bình Dương,,40.300 ₫,96%,,100%,0,0,1,0,9
laptop,6.570.000 ₫,,131 Đã bán,(23),Hưng Yên,,56.800 ₫,97%,100%,100%,0,0,0,2,21
laptop,12.000.000 ₫,,,,Thái Nguyên,,43.900 ₫,,,,0,0,0,0,0
laptop,8.500.000 ₫,,,,Hà Nội,,Miễn phí,,100%,100%,0,0,0,0,0
laptop,1.799.000 ₫,,52 Đã bán,(13),Đồng Nai,,65.500 ₫,96%,50%,100%,0,0,0,0,13
laptop,8.890.000 ₫,30% Off,6 Đã bán,(2),Hồ Chí Minh,12.790.000 ₫,23.800 ₫,94%,100%,,0,0,0,0,2
laptop,8.566.770 ₫,,,,Hưng Yên,,37.700 ₫,100%,98%,100%,0,0,0,0,0
laptop,28.990.000 ₫,,,,Hồ Chí Minh,,10.200 ₫,97%,98%,85%,0,0,0,0,0
laptop,17.337.000 ₫,21% Off,,,Hồ Chí Minh,21.990.000 ₫,16.300 ₫,94%,100%,,0,0,0,0,0
laptop,3.700.000 ₫,,,,Hồ Chí Minh,,20.100 ₫,90%,86%,,0,0,0,0,0
laptop,4.900.000 ₫,37% Off,,(1),Hồ Chí Minh,7.800.000 ₫,Miễn phí,96%,100%,100%,0,0,0,0,1
laptop,899.999 ₫,10% Off,11 Đã bán,(4),Hưng Yên,999.999 ₫,100.600 ₫,86%,100%,88%,1,0,0,0,4
laptop,6.350.000 ₫,31% Off,5 Đã bán,,Hồ Chí Minh,9.250.000 ₫,20.100 ₫,88%,100%,,0,0,0,0,0
laptop,2.800.000 ₫,,,(1),Hồ Chí Minh,,27.300 ₫,100%,,,0,0,0,0,1
laptop,7.100.000 ₫,,42 Đã bán,(4),Hưng Yên,,37.700 ₫,100%,98%,100%,0,0,0,0,4
laptop,7.750.000 ₫,22% Off,8 Đã bán,,Hà Nội,9.990.000 ₫,74.400 ₫,98%,100%,92%,0,0,0,0,0
laptop,7.600.000 ₫,,40 Đã bán,(9),Hưng Yên,,70.000 ₫,91%,65%,100%,0,0,0,0,9
laptop,8.999.000 ₫,,24 Đã bán,(6),Hưng Yên,,70.000 ₫,91%,65%,100%,0,0,1,0,5
laptop,8.500.000 ₫,,23 Đã bán,(4),Hưng Yên,,70.000 ₫,91%,65%,100%,0,0,1,0,3
laptop,11.780.000 ₫,33% Off,,,Hà Nội,17.490.000 ₫,84.600 ₫,98%,100%,92%,0,0,0,0,0
laptop,3.000.000 ₫,14% Off,,,Hồ Chí Minh,,,,,,0,0,0,0,0
laptop,1.650.000 ₫,,,,Hồ Chí Minh,,27.300 ₫,100%,100%,,0,0,0,0,0
laptop,7.352.999 ₫,52% Off,15 Đã bán,(3),Hải Phòng,14.399.999 ₫,Miễn phí,100%,100%,80%,0,0,0,0,3
laptop,3.500.000 ₫,12% Off,10 Đã bán,(4),Hưng Yên,3.990.000 ₫,56.800 ₫,91%,65%,100%,0,0,0,0,4
laptop,6.300.000 ₫,,15 Đã bán,(1),Hưng Yên,,70.000 ₫,91%,65%,100%,0,0,0,0,1
laptop,680.000 ₫,,,,Hồ Chí Minh,,27.300 ₫,100%,83%,85%,0,0,0,0,0
laptop,2.970.000 ₫,,5 Đã bán,(3),Hà Nội,,Miễn phí,98%,100%,100%,0,0,0,0,3
laptop,1.790.000 ₫,,,,Hồ Chí Minh,,27.300 ₫,100%,100%,,0,0,0,0,0
laptop,29.990.000 ₫,25% Off,,,Hồ Chí Minh,39.999.000 ₫,Miễn phí,99%,97%,95%,0,0,0,0,0
laptop,1.900.000 ₫,5% Off,,,Đà Nẵng,2.000.000 ₫,45.100 ₫,100%,,,0,0,0,0,0
laptop,2.128.000 ₫,,18 Đã bán,(3),Hà Nội,,64.700 ₫,79%,84%,95%,1,0,0,0,2
laptop,10.190.000 ₫,17% Off,5 Đã bán,,Hồ Chí Minh,12.290.000 ₫,,96%,,83%,0,0,0,0,0
laptop,5.990.000 ₫,48% Off,,,Hà Nội,11.490.000 ₫,Miễn phí,85%,,,0,0,0,0,0
laptop,2.350.000 ₫,,,,Hà Nội,,Miễn phí,97%,100%,100%,0,0,0,0,0
laptop,4.500.000 ₫,,5 Đã bán,(4),Hà Nội,,Miễn phí,98%,100%,100%,0,0,0,0,4
laptop,4.427.000 ₫,,,,Hà Nội,,64.700 ₫,79%,84%,95%,0,0,0,0,0
laptop,3.070.000 ₫,6% Off,5 Đã bán,(1),Hà Nội,3.270.000 ₫,Miễn phí,98%,100%,100%,0,0,0,0,1
laptop,4.893.899 ₫,11% Off,23 Đã bán,(19),Hà Nội,,Miễn phí,98%,100%,100%,0,0,0,0,20
laptop,2.870.000 ₫,,,,Hà Nội,,Miễn phí,98%,100%,100%,0,0,0,0,0
laptop,2.650.000 ₫,,,,Hà Nội,,Miễn phí,97%,100%,100%,0,0,0,0,0
laptop,6.520.000 ₫,,43 Đã bán,(14),Hưng Yên,,37.700 ₫,100%,98%,100%,0,0,0,2,12
laptop,6.569.000 ₫,,77 Đã bán,(11),Hưng Yên,,37.700 ₫,97%,100%,100%,0,0,0,1,10
laptop,5.200.000 ₫,,102 Đã bán,(14),Hưng Yên,6.760.000 ₫,56.800 ₫,97%,100%,100%,0,0,0,1,13
laptop,14.900.000 ₫,,,,Hồ Chí Minh,,27.300 ₫,,,,0,0,0,0,0
laptop,9.999.000 ₫,26% Off,9 Đã bán,(3),Hồ Chí Minh,13.490.000 ₫,27.300 ₫,93%,100%,,0,0,0,0,3
laptop,9.499.000 ₫,,,,Đồng Nai,,Miễn phí,95%,100%,100%,0,0,0,0,0
laptop,7.290.000 ₫,,113 Đã bán,(29),Hưng Yên,,56.800 ₫,97%,100%,100%,0,0,0,1,29
laptop,4.404.510 ₫,32% Off,12 Đã bán,(4),Hồ Chí Minh,8.200.000 ₫,Miễn phí,90%,,,0,0,0,0,5
laptop,22.790.000 ₫,19% Off,,,Hồ Chí Minh,27.990.000 ₫,9.700 ₫,97%,98%,85%,0,0,0,0,0
laptop,10.590.000 ₫,,,,Thanh Hóa,,56.800 ₫,96%,100%,75%,0,0,0,0,0
laptop,6.900.000 ₫,,13 Đã bán,(5),Hưng Yên,,70.000 ₫,91%,65%,100%,1,0,1,1,2
laptop,8.500.000 ₫,,,(1),Thanh Hóa,,Miễn phí,92%,,33%,0,0,0,0,1
laptop,2.150.000 ₫,,,,Hà Nội,,Miễn phí,97%,100%,100%,0,0,0,0,0
laptop,4.790.000 ₫,40% Off,,(2),Hà Nội,8.000.000 ₫,84.600 ₫,94%,100%,76%,0,0,0,0,2
laptop,5.600.000 ₫,,,,Hà Nội,,Miễn phí,98%,100%,100%,0,0,0,0,0
laptop,19.690.000 ₫,10% Off,,,Hồ Chí Minh,21.990.000 ₫,,96%,,83%,0,0,0,0,0
laptop,4.299.000 ₫,,,,Đồng Nai,,65.500 ₫,99%,100%,100%,0,0,0,0,0
laptop,3.550.000 ₫,24% Off,17 Đã bán,(7),Thanh Hóa,4.690.000 ₫,80.200 ₫,96%,100%,75%,0,0,0,0,7
laptop,8.500.000 ₫,,,(2),Hưng Yên,,70.000 ₫,91%,65%,100%,0,0,0,0,2
laptop,31.999.000 ₫,6% Off,,,Hồ Chí Minh,34.000.000 ₫,52.300 ₫,98%,100%,,0,0,0,0,0
laptop,19.990.000 ₫,,,,Hồ Chí Minh,,,99%,,100%,0,0,0,0,0
laptop,7.900.000 ₫,21% Off,,,Hà Nội,10.000.000 ₫,84.600 ₫,94%,100%,76%,0,0,0,0,0
laptop,14.590.000 ₫,23% Off,,,Hồ Chí Minh,18.990.000 ₫,10.200 ₫,97%,98%,85%,0,0,0,0,0
laptop,19.790.000 ₫,,,,Hồ Chí Minh,,,99%,,100%,0,0,0,0,0
laptop,6.500.000 ₫,,19 Đã bán,(8),Hưng Yên,,70.000 ₫,91%,65%,100%,0,0,0,0,8
laptop,27.990.000 ₫,26% Off,,,Hồ Chí Minh,37.999.000 ₫,21.200 ₫,99%,97%,98%,0,0,0,0,0
laptop,6.299.000 ₫,3% Off,,(0),Đồng Nai,6.500.000 ₫,Miễn phí,95%,100%,100%,0,0,0,0,1
laptop,5.500.000 ₫,4% Off,,(1),Đồng Nai,5.700.000 ₫,Miễn phí,95%,100%,100%,0,0,0,0,1
laptop,11.999.999 ₫,8% Off,,,Hồ Chí Minh,12.999.999 ₫,Miễn phí,96%,100%,,0,0,0,0,0
laptop,4.200.000 ₫,,9 Đã bán,(3),Hà Nội,,38.000 ₫,98%,,100%,1,0,0,0,3
laptop,2.900.000 ₫,,,,Hà Nội,,32.700 ₫,,,,0,0,0,0,0
laptop,8.000.000 ₫,32% Off,74 Đã bán,(7),Hà Nội,11.800.000 ₫,84.600 ₫,98%,100%,100%,0,0,0,0,7
laptop,6.500.000 ₫,,11 Đã bán,(5),Hưng Yên,,70.000 ₫,91%,65%,100%,0,0,0,1,4
laptop,1.642.000 ₫,,25 Đã bán,(4),Hà Nội,,64.700 ₫,79%,84%,95%,1,0,0,0,3
laptop,3.600.000 ₫,40% Off,11 Đã bán,(3),Hà Nội,6.750.000 ₫,84.600 ₫,98%,100%,100%,0,0,0,0,3
laptop,5.800.000 ₫,34% Off,12 Đã bán,(2),Hà Nội,8.800.000 ₫,84.600 ₫,98%,100%,100%,0,0,0,0,3
laptop,7.050.000 ₫,30% Off,11 Đã bán,(3),Hà Nội,11.550.000 ₫,84.600 ₫,98%,100%,100%,0,0,0,0,3
laptop,3.570.000 ₫,12% Off,7 Đã bán,(4),Hà Nội,4.070.000 ₫,Miễn phí,98%,100%,100%,0,1,0,0,3
laptop,4.600.000 ₫,,16 Đã bán,(15),Hà Nội,,Miễn phí,100%,,,0,0,0,0,15
laptop,999.999 ₫,17% Off,16 Đã bán,(7),Hưng Yên,1.499.999 ₫,80.200 ₫,82%,100%,,1,1,0,0,5
laptop,6.000.000 ₫,,80 Đã bán,(24),Nam Định,,56.800 ₫,99%,100%,100%,0,0,0,0,24
laptop,1.399.999 ₫,,25 Đã bán,(12),Hưng Yên,,80.200 ₫,86%,,,3,0,0,1,8
laptop,3.650.000 ₫,,,,Hưng Yên,,43.900 ₫,100%,98%,100%,0,0,0,0,0
laptop,1.000.000 ₫,,,,Tiền Giang,,40.300 ₫,82%,86%,88%,0,0,0,0,0
laptop,4.799.000 ₫,,,(1),Hồ Chí Minh,,Miễn phí,86%,75%,,0,0,1,0,0
laptop,2.500.000 ₫,,,,Đồng Nai,,65.500 ₫,,,100%,0,0,0,0,0
laptop,23.712.000 ₫,49% Off,8 Đã bán,,Hà Nội,46.452.480 ₫,32.700 ₫,97%,100%,100%,0,0,0,0,0
laptop,6.700.000 ₫,,,,Thanh Hóa,,100.600 ₫,,,,0,0,0,0,0
laptop,5.300.000 ₫,17% Off,,(1),Hồ Chí Minh,7.100.000 ₫,Miễn phí,90%,,,0,0,0,0,1
laptop,12.690.000 ₫,,,,Hồ Chí Minh,,,99%,,100%,0,0,0,0,0
laptop,3.790.000 ₫,,19 Đã bán,(6),Hưng Yên,,56.800 ₫,100%,98%,100%,0,0,0,0,6
laptop,7.549.557 ₫,42% Off,49 Đã bán,(27),Hồ Chí Minh,15.954.300 ₫,Miễn phí,98%,,,0,0,0,0,27
laptop,8.500.000 ₫,,,,Hà Nội,,Miễn phí,98%,100%,100%,0,0,0,0,0
laptop,4.790.000 ₫,19% Off,5 Đã bán,(1),Hồ Chí Minh,5.900.000 ₫,Miễn phí,90%,,,0,0,0,0,1
laptop,6.950.000 ₫,,,,Hồ Chí Minh,,Miễn phí,96%,100%,93%,0,0,0,0,0
laptop,5.990.000 ₫,9% Off,,(2),Thanh Hóa,6.590.000 ₫,56.800 ₫,96%,100%,75%,1,0,0,0,1
laptop,20.270.000 ₫,,23 Đã bán,,Hồ Chí Minh,,19.600 ₫,98%,100%,100%,0,0,0,0,0
laptop,5.338.799 ₫,11% Off,9 Đã bán,(4),Hà Nội,,Miễn phí,98%,100%,100%,0,0,0,0,4
laptop,4.499.999 ₫,,,,Hà Nội,,Miễn phí,,100%,100%,0,0,0,0,0
laptop,9.500.000 ₫,,8 Đã bán,,Hà Nội,,Miễn phí,98%,100%,100%,0,0,0,0,0
laptop,14.690.000 ₫,21% Off,,,Hồ Chí Minh,18.490.000 ₫,10.200 ₫,97%,98%,85%,0,0,0,0,0
laptop,3.990.002 ₫,34% Off,,,Hà Nội,6.000.000 ₫,104.900 ₫,94%,100%,76%,0,0,0,0,0
laptop,2.500.000 ₫,22% Off,8 Đã bán,(4),Hà Nội,3.200.000 ₫,62.600 ₫,91%,75%,100%,0,0,0,1,3
laptop,10.590.000 ₫,15% Off,,,Hà Nội,12.460.000 ₫,115.100 ₫,92%,,,0,0,0,0,0
laptop,7.599.999 ₫,47% Off,,(1),Hải Phòng,14.799.999 ₫,Miễn phí,95%,99%,100%,0,0,0,0,1
laptop,5.500.000 ₫,,,(1),Hồ Chí Minh,,Miễn phí,97%,100%,100%,0,0,0,0,1
laptop,2.990.000 ₫,,19 Đã bán,(9),Hưng Yên,,90.400 ₫,91%,65%,100%,0,0,0,1,8
laptop,10.490.000 ₫,,27 Đã bán,(1),Hà Nội,,26.100 ₫,95%,100%,100%,0,0,0,0,1
laptop,8.990.000 ₫,44% Off,,(3),Hà Nội,16.000.000 ₫,84.600 ₫,94%,100%,76%,0,0,0,2,1
laptop,2.970.000 ₫,,,,Hà Nội,,Miễn phí,98%,100%,100%,0,0,0,0,0
laptop,1.990.000 ₫,50% Off,25 Đã bán,(8),Hồ Chí Minh,3.980.000 ₫,9.100 ₫,91%,100%,80%,0,0,0,1,7
laptop,48.683.200 ₫,,10 Đã bán,,Hà Nội,,74.400 ₫,92%,,,0,0,0,0,0
laptop,13.590.000 ₫,30% Off,11 Đã bán,(3),Hồ Chí Minh,19.490.000 ₫,9.700 ₫,97%,98%,85%,0,0,0,0,3
laptop,151.000 ₫,74% Off,,,Nước ngoài,580.000 ₫,17.000 ₫,96%,94%,100%,0,0,0,0,0
laptop,1.500.000 ₫,,,,Tiền Giang,,48.200 ₫,87%,28%,100%,0,0,0,0,0
laptop,14.990.000 ₫,,,,Hồ Chí Minh,,,99%,,100%,0,0,0,0,0
laptop,8.008.199 ₫,20% Off,5 Đã bán,(1),Hồ Chí Minh,9.999.999 ₫,Miễn phí,95%,100%,83%,0,0,0,0,2
laptop,1.910.000 ₫,5% Off,5 Đã bán,(1),Hồ Chí Minh,3.790.000 ₫,Miễn phí,92%,66%,,0,0,0,0,1
laptop,1.970.000 ₫,,,,Hà Nội,,Miễn phí,98%,100%,100%,0,0,0,0,0
laptop,1.354.350 ₫,10% Off,5 Đã bán,(1),Tiền Giang,,,,,,0,0,0,0,1
laptop,7.750.000 ₫,28% Off,119 Đã bán,(11),Hà Nội,10.750.000 ₫,84.600 ₫,98%,100%,100%,0,0,0,0,11
laptop,5.600.000 ₫,,13 Đã bán,(13),Hà Nội,,Miễn phí,100%,,,0,0,0,0,13
laptop,1.499.999 ₫,,101 Đã bán,(29),Hưng Yên,,90.600 ₫,84%,100%,,4,2,1,1,21
laptop,27.950.000 ₫,7% Off,,,Hồ Chí Minh,35.990.000 ₫,19.600 ₫,97%,67%,100%,0,0,0,0,0
laptop,2.000.000 ₫,50% Off,8 Đã bán,(3),Hồ Chí Minh,4.000.000 ₫,63.700 ₫,91%,100%,80%,0,0,0,0,3
laptop,6.500.000 ₫,27% Off,,(1),Hồ Chí Minh,11.900.000 ₫,Miễn phí,96%,100%,100%,0,0,0,0,2
laptop,2.848.000 ₫,,,(1),Nghệ An,,56.800 ₫,94%,92%,92%,0,0,0,0,1
laptop,1.500.000 ₫,,11 Đã bán,(6),Tiền Giang,,40.300 ₫,87%,28%,100%,0,0,2,0,3
laptop,31.590.000 ₫,,25 Đã bán,,Hồ Chí Minh,31.720.000 ₫,20.100 ₫,98%,100%,100%,0,0,0,0,0
laptop,170.000 ₫,,,(0),Hà Nội,,38.000 ₫,96%,100%,100%,0,0,0,0,1
laptop,1.900.000 ₫,5% Off,11 Đã bán,(5),Hồ Chí Minh,2.000.000 ₫,13.800 ₫,90%,100%,100%,0,0,0,0,5
laptop,2.500.000 ₫,,8 Đã bán,(6),Hà Nội,,104.900 ₫,92%,50%,85%,1,0,0,0,5
laptop,2.580.420 ₫,43% Off,,(1),Hồ Chí Minh,5.500.000 ₫,23.800 ₫,96%,100%,100%,0,0,0,0,1
laptop,3.800.000 ₫,21% Off,,(1),Hồ Chí Minh,5.800.000 ₫,27.300 ₫,96%,100%,100%,0,0,0,0,1
laptop,15.490.000 ₫,3% Off,,,Hồ Chí Minh,15.990.000 ₫,,96%,,83%,0,0,0,0,0
laptop,6.054.999 ₫,24% Off,26 Đã bán,(3),Hà Nội,,Miễn phí,98%,100%,100%,0,0,0,0,4
laptop,24.610.000 ₫,,6 Đã bán,,Hồ Chí Minh,,74.700 ₫,92%,20%,90%,0,0,0,0,0
laptop,1.100.000 ₫,8% Off,,,Đồng Nai,1.200.000 ₫,Miễn phí,100%,100%,100%,0,0,0,0,0
laptop,3.690.000 ₫,12% Off,,,Hà Nội,4.200.000 ₫,55.400 ₫,95%,100%,100%,0,0,0,0,0
laptop,12.600.000 ₫,,,,Hà Nội,,Miễn phí,98%,100%,100%,0,0,0,0,0
laptop,20.390.000 ₫,,,,Hà Nội,,38.000 ₫,,,,0,0,0,0,0
laptop,16.990.000 ₫,17% Off,,(1),Hồ Chí Minh,20.490.000 ₫,,96%,,83%,0,0,0,0,1
laptop,4.500.000 ₫,,,,Hồ Chí Minh,,Miễn phí,100%,100%,100%,0,0,0,0,0
laptop,14.790.000 ₫,10% Off,,,Hồ Chí Minh,16.490.000 ₫,,96%,,83%,0,0,0,0,0
laptop,4.271.040 ₫,11% Off,,(1),Hà Nội,5.200.000 ₫,Miễn phí,,100%,100%,0,0,0,0,1
laptop,6.300.000 ₫,40% Off,,(1),Hồ Chí Minh,10.500.000 ₫,Miễn phí,96%,100%,100%,0,0,0,0,1
laptop,3.381.240 ₫,48% Off,6 Đã bán,(4),Hồ Chí Minh,6.500.000 ₫,27.300 ₫,96%,100%,100%,0,0,0,0,4
laptop,16.500.000 ₫,,,,Hồ Chí Minh,,27.300 ₫,,,,0,0,0,0,0
laptop,2.990.000 ₫,,5 Đã bán,(0),Hưng Yên,,56.800 ₫,91%,65%,100%,0,0,0,0,1
laptop,27.990.000 ₫,26% Off,,,Hồ Chí Minh,37.999.000 ₫,Miễn phí,99%,97%,95%,0,0,0,0,0
laptop,1.000.000 ₫,,11 Đã bán,(2),Tiền Giang,,40.300 ₫,82%,86%,88%,1,0,1,0,1
laptop,9.990.000 ₫,9% Off,,,Hồ Chí Minh,10.990.000 ₫,,96%,,83%,0,0,0,0,0
laptop,11.290.000 ₫,6% Off,,,Hồ Chí Minh,11.990.000 ₫,,96%,,83%,0,0,0,0,0
laptop,1.031.000 ₫,,,,Tiền Giang,,40.300 ₫,87%,28%,100%,0,0,0,0,0
laptop,2.880.000 ₫,,,,Hà Nội,,Miễn phí,98%,100%,100%,0,0,0,0,0
laptop,7.850.000 ₫,43% Off,8 Đã bán,(4),Hồ Chí Minh,13.800.000 ₫,27.300 ₫,96%,100%,,0,0,0,0,4
laptop,6.399.999 ₫,17% Off,28 Đã bán,(11),Hà Nội,,Miễn phí,98%,100%,100%,0,0,0,0,11
laptop,177.070 ₫,11% Off,18 Đã bán,,Hà Nội,199.000 ₫,38.000 ₫,96%,100%,100%,0,0,0,0,0
laptop,15.089.000 ₫,8% Off,,,Hồ Chí Minh,16.489.000 ₫,12.800 ₫,97%,98%,85%,0,0,0,0,0
laptop,6.234.719 ₫,"58% Off
Áp dụng voucher",7 Đã bán,(4),Hồ Chí Minh,17.999.999 ₫,Miễn phí,97%,81%,100%,0,0,0,0,4
laptop,5.500.000 ₫,,95 Đã bán,(23),Nam Định,,56.800 ₫,99%,100%,100%,0,0,0,0,23
laptop,2.474.010 ₫,1% Off,80 Đã bán,(41),An Giang,2.990.000 ₫,44.100 ₫,96%,,,0,1,1,0,39
laptop,5.160.000 ₫,34% Off,21 Đã bán,(12),Hồ Chí Minh,7.800.000 ₫,Miễn phí,96%,100%,100%,0,0,0,1,11
laptop,4.800.000 ₫,,196 Đã bán,(65),Nam Định,,56.800 ₫,99%,100%,100%,0,0,0,0,65
laptop,4.800.000 ₫,,75 Đã bán,(23),Nam Định,,56.800 ₫,99%,100%,100%,0,0,0,0,24
laptop,2.512.000 ₫,,9 Đã bán,(1),Hà Nội,,64.700 ₫,79%,84%,95%,0,1,0,0,0
laptop,5.200.000 ₫,,,,Hà Nội,,64.700 ₫,,,100%,0,0,0,0,0
laptop,5.999.999 ₫,,8 Đã bán,(4),Hà Nội,,Miễn phí,98%,100%,100%,0,0,0,0,4
laptop,2.428.000 ₫,,,(1),Hà Nội,,64.700 ₫,79%,84%,95%,1,0,0,0,0
laptop,3.390.000 ₫,11% Off,,(1),Hà Nội,3.800.000 ₫,55.400 ₫,95%,100%,100%,0,0,0,0,1
laptop,4.200.000 ₫,13% Off,,,Hà Nội,4.800.000 ₫,52.400 ₫,91%,75%,100%,0,0,0,0,0
laptop,3.380.000 ₫,32% Off,,,Hồ Chí Minh,5.000.000 ₫,23.800 ₫,96%,100%,100%,0,0,0,0,0
laptop,19.569.000 ₫,22% Off,,,Hồ Chí Minh,25.000.000 ₫,38.000 ₫,99%,,,0,0,0,0,0
laptop,5.300.000 ₫,,,,Thanh Hóa,,100.600 ₫,,,,0,0,0,0,0
laptop,21.600.000 ₫,8% Off,,(1),Hồ Chí Minh,23.590.000 ₫,Miễn phí,94%,86%,100%,0,0,0,0,1
laptop,5.863.000 ₫,35% Off,18 Đã bán,(4),Hà Nội,9.000.000 ₫,74.400 ₫,95%,100%,88%,0,0,0,0,4
laptop,8.275.139 ₫,"36% Off
Áp dụng voucher",17 Đã bán,(6),Hồ Chí Minh,13.999.999 ₫,Miễn phí,97%,81%,100%,0,0,0,0,6
laptop,8.599.000 ₫,22% Off,5 Đã bán,(4),Hồ Chí Minh,11.010.000 ₫,27.300 ₫,96%,100%,,0,0,0,0,4
laptop,14.699.000 ₫,18% Off,17 Đã bán,(8),Hồ Chí Minh,18.000.000 ₫,30.900 ₫,100%,100%,100%,0,0,0,0,8
laptop,2.678.000 ₫,,,(1),Hưng Yên,,63.300 ₫,91%,65%,100%,0,0,0,0,1
laptop,5.350.000 ₫,47% Off,,,Hà Nội,10.000.000 ₫,84.600 ₫,94%,100%,76%,0,0,0,0,0
laptop,6.500.000 ₫,28% Off,11 Đã bán,(6),Hà Nội,8.490.000 ₫,94.800 ₫,94%,100%,76%,0,0,0,0,6
laptop,3.990.000 ₫,43% Off,,,Hà Nội,9.000.000 ₫,84.600 ₫,94%,100%,76%,0,0,0,0,0
laptop,2.750.000 ₫,14% Off,,(1),Hà Nội,3.200.000 ₫,52.400 ₫,91%,75%,100%,0,0,0,0,1
laptop,3.400.000 ₫,,12 Đã bán,(5),Hưng Yên,,70.000 ₫,91%,65%,100%,0,0,0,0,5
laptop,9.800.000 ₫,,,,Hà Nội,,34.100 ₫,90%,100%,75%,0,0,0,0,0
laptop,3.600.000 ₫,14% Off,6 Đã bán,(2),Hà Nội,4.200.000 ₫,38.000 ₫,98%,,100%,0,0,0,0,2
laptop,2.200.000 ₫,,,,Hưng Yên,,80.200 ₫,91%,65%,100%,0,0,0,0,0
laptop,5.400.000 ₫,,,,Hà Nội,,Miễn phí,98%,100%,100%,0,0,0,0,0
laptop,4.249.999 ₫,23% Off,7 Đã bán,(2),Hà Nội,,Miễn phí,98%,100%,100%,0,0,1,0,1
laptop,539.000 ₫,18% Off,,,Nước ngoài,730.000 ₫,Miễn phí,100%,,100%,0,0,0,0,0
laptop,400.000 ₫,,,(1),Tiền Giang,,40.300 ₫,87%,28%,100%,0,0,0,1,0
laptop,32.940.000 ₫,6% Off,9 Đã bán,,Hồ Chí Minh,39.990.000 ₫,19.600 ₫,97%,67%,100%,0,0,0,0,0
laptop,5.792.597 ₫,"36% Off
Áp dụng voucher",5 Đã bán,(1),Hồ Chí Minh,9.999.999 ₫,Miễn phí,97%,81%,100%,0,0,0,0,1
laptop,980.000 ₫,,5 Đã bán,(1),Đăk Lăk,,Miễn phí,90%,,100%,0,0,0,0,1
laptop,1.957.560 ₫,53% Off,,,Hồ Chí Minh,4.200.000 ₫,27.300 ₫,96%,100%,100%,0,0,0,0,0
laptop,8.999.999 ₫,10% Off,10 Đã bán,(4),Hồ Chí Minh,10.890.099 ₫,Miễn phí,95%,100%,85%,0,0,0,0,4
laptop,8.599.999 ₫,39% Off,,,Hồ Chí Minh,14.999.999 ₫,Miễn phí,95%,100%,85%,0,0,0,0,1
laptop,2.750.000 ₫,31% Off,,,Hồ Chí Minh,4.000.000 ₫,16.500 ₫,96%,80%,94%,0,0,0,0,0
laptop,3.149.000 ₫,54% Off,12 Đã bán,(4),Hồ Chí Minh,6.800.000 ₫,27.300 ₫,96%,100%,100%,0,0,0,0,4
laptop,5.670.000 ₫,,52 Đã bán,(17),Hưng Yên,,56.800 ₫,97%,100%,100%,0,0,1,0,16
laptop,1.200.000 ₫,,5 Đã bán,(3),Tiền Giang,,40.300 ₫,87%,28%,100%,0,0,0,1,2
laptop,14.799.000 ₫,30% Off,7 Đã bán,(4),Hồ Chí Minh,21.000.000 ₫,23.800 ₫,100%,100%,100%,0,0,0,0,4
laptop,1.500.000 ₫,,6 Đã bán,(3),Tiền Giang,,40.300 ₫,82%,86%,88%,0,1,0,0,2
laptop,1.500.000 ₫,,,(1),Tiền Giang,,48.200 ₫,87%,28%,100%,0,0,0,0,0
laptop,600.000 ₫,,,,Hà Nội,,64.700 ₫,94%,100%,87%,0,0,0,0,0
laptop,1.000.000 ₫,,,,Tiền Giang,,40.300 ₫,82%,86%,88%,0,0,0,0,0
laptop,2.300.000 ₫,15% Off,7 Đã bán,(4),Hà Nội,2.700.000 ₫,55.400 ₫,95%,100%,100%,0,0,0,1,3
laptop,2.650.000 ₫,,13 Đã bán,(3),Hồ Chí Minh,,19.600 ₫,100%,,100%,0,0,0,1,2
laptop,24.500.000 ₫,,,,Hồ Chí Minh,,20.100 ₫,96%,100%,,0,0,0,0,0
laptop,3.100.000 ₫,,20 Đã bán,(10),Hồ Chí Minh,,21.200 ₫,100%,,,0,0,0,2,8
laptop,6.250.000 ₫,32% Off,16 Đã bán,(3),Hà Nội,10.800.000 ₫,84.600 ₫,98%,100%,100%,0,0,0,0,3
laptop,14.590.000 ₫,42% Off,,(1),Hồ Chí Minh,25.000.000 ₫,30.900 ₫,99%,,,0,0,0,0,1
laptop,15.090.000 ₫,8% Off,,,Hồ Chí Minh,16.489.000 ₫,9.700 ₫,97%,98%,85%,0,0,0,0,0
laptop,3.500.000 ₫,,,,Hà Nội,,Miễn phí,,100%,100%,0,0,0,0,0
laptop,3.990.000 ₫,20% Off,,(1),Hà Nội,4.990.000 ₫,57.700 ₫,88%,100%,71%,0,0,0,1,1
laptop,2.668.000 ₫,11% Off,,,Nghệ An,2.998.000 ₫,63.300 ₫,94%,92%,92%,0,0,0,0,0
laptop,3.600.000 ₫,14% Off,,,Hà Nội,4.200.000 ₫,52.400 ₫,91%,75%,100%,0,0,0,0,0
laptop,5.750.000 ₫,,6 Đã bán,,Thái Bình,,Miễn phí,95%,100%,,0,0,0,0,0
laptop,1.900.000 ₫,,,(2),Hồ Chí Minh,,27.300 ₫,96%,100%,100%,0,0,0,0,2
laptop,19.590.000 ₫,9% Off,,,Hồ Chí Minh,21.490.000 ₫,,96%,,83%,0,0,0,0,0
laptop,8.999.999 ₫,,11 Đã bán,(3),Hà Nội,,Miễn phí,98%,100%,100%,0,0,0,0,3
laptop,4.500.000 ₫,13% Off,,,Hà Nội,5.200.000 ₫,52.400 ₫,91%,75%,100%,0,0,0,0,0
laptop,2.500.000 ₫,,,(1),Hưng Yên,,80.200 ₫,91%,65%,100%,0,0,0,0,1
laptop,25.990.000 ₫,,6 Đã bán,(1),Hồ Chí Minh,,23.800 ₫,100%,,,0,0,0,0,1
laptop,4.199.000 ₫,,,,Quảng Trị,,Miễn phí,97%,,,0,0,0,0,0
laptop,1.700.000 ₫,,,,Hưng Yên,,80.200 ₫,91%,65%,100%,0,0,0,0,0
laptop,25.300.000 ₫,17% Off,9 Đã bán,,Hà Nội,30.360.000 ₫,64.700 ₫,99%,83%,,0,0,0,0,0
laptop,7.500.000 ₫,16% Off,,(2),Hồ Chí Minh,8.900.000 ₫,Miễn phí,97%,100%,100%,0,0,0,0,2
laptop,5.800.000 ₫,,,,Hà Nội,,Miễn phí,98%,100%,100%,0,0,0,0,0
laptop,2.995.000 ₫,50% Off,,,Hà Nội,,,,,,0,0,0,0,0
laptop,39.000 ₫,17% Off,313 Đã bán,(67),Hồ Chí Minh,47.000 ₫,17.000 ₫,96%,98%,97%,11,1,3,5,47
laptop,29.000 ₫,42% Off,184 Đã bán,(78),Hồ Chí Minh,50.000 ₫,16.500 ₫,,100%,71%,7,2,1,1,68
laptop,1.727.600 ₫,,,,Hà Nội,,Miễn phí,,,,0,0,0,0,0
laptop,3.200.000 ₫,50% Off,,,Hà Nội,6.400.000 ₫,Miễn phí,,,,0,0,0,0,0
laptop,902.899 ₫,25% Off,11 Đã bán,(2),Hưng Yên,1.499.999 ₫,70.000 ₫,86%,100%,87%,1,0,0,0,2
laptop,1.000.000 ₫,,81 Đã bán,(28),Hà Nội,,198.200 ₫,94%,20%,83%,2,1,1,3,21
laptop,7.224.999 ₫,52% Off,51 Đã bán,(5),Hải Phòng,13.899.999 ₫,Miễn phí,100%,100%,100%,0,0,0,0,5
laptop,6.519.809 ₫,8% Off,294 Đã bán,(118),Hồ Chí Minh,8.999.999 ₫,Miễn phí,96%,100%,100%,1,0,2,0,115
laptop,2.622.600 ₫,42% Off,89 Đã bán,(36),Hồ Chí Minh,4.100.000 ₫,16.500 ₫,96%,80%,94%,1,1,1,5,28
laptop,619.000 ₫,"65% Off
LazFlash Sale,kết thúc sau 1 ngày",993 Đã bán,(317),Nước ngoài,1.750.000 ₫,17.000 ₫,96%,98%,100%,2,4,5,12,294
laptop,17.990.000 ₫,38% Off,3.0K Đã bán,(671),Hồ Chí Minh,28.990.000 ₫,10.200 ₫,94%,98%,100%,28,5,10,17,611
laptop,125.332 ₫,"23% Off
LazFlash Sale,kết thúc sau 1 ngày",2.2K Đã bán,(789),Hồ Chí Minh,199.000 ₫,16.500 ₫,99%,100%,100%,3,1,2,12,771
laptop,1.300.000 ₫,28% Off,83 Đã bán,(41),Hà Nội,,74.400 ₫,92%,50%,85%,0,0,0,6,35
laptop,10.490.000 ₫,19% Off,353 Đã bán,(108),Hồ Chí Minh,12.990.000 ₫,21.200 ₫,98%,77%,50%,3,0,0,1,104
laptop,2.668.000 ₫,8% Off,33 Đã bán,(18),Nghệ An,2.898.000 ₫,56.800 ₫,94%,92%,91%,0,2,0,2,15
laptop,27.590.000 ₫,16% Off,147 Đã bán,(3),Hồ Chí Minh,32.990.000 ₫,10.200 ₫,94%,98%,100%,0,0,0,0,4
laptop,3.248.000 ₫,10% Off,64 Đã bán,(28),Nghệ An,3.598.000 ₫,56.800 ₫,94%,92%,91%,0,0,0,0,28
laptop,3.258.000 ₫,19% Off,73 Đã bán,(32),Nghệ An,3.998.000 ₫,56.800 ₫,94%,92%,91%,0,0,1,0,31
laptop,4.173.000 ₫,"11% Off
LazFlash Sale,kết thúc sau 1 ngày",154 Đã bán,(49),Hưng Yên,6.459.000 ₫,56.800 ₫,97%,100%,100%,0,0,1,3,46
laptop,2.455.000 ₫,,14 Đã bán,(2),Hà Nội,,38.000 ₫,79%,84%,96%,0,0,1,0,1
laptop,1.600.000 ₫,43% Off,24 Đã bán,(11),Hồ Chí Minh,2.800.000 ₫,Miễn phí,91%,100%,100%,0,1,0,1,9
laptop,6.500.000 ₫,27% Off,,(1),Hồ Chí Minh,11.900.000 ₫,Miễn phí,96%,100%,100%,0,0,0,0,2
laptop,4.390.000 ₫,"20% Off
LazFlash Sale,kết thúc sau 1 ngày",126 Đã bán,(29),Hà Nội,5.900.000 ₫,Miễn phí,98%,100%,100%,0,0,1,0,28
laptop,1.239.000 ₫,38% Off,22 Đã bán,(10),Hồ Chí Minh,2.200.000 ₫,Miễn phí,91%,100%,100%,0,0,0,0,10
laptop,2.900.000 ₫,50% Off,13 Đã bán,(3),Hồ Chí Minh,5.800.000 ₫,27.300 ₫,96%,100%,100%,0,0,0,0,5
laptop,5.618.818 ₫,"57% Off
Áp dụng voucher",33 Đã bán,(19),Hồ Chí Minh,13.999.998 ₫,Miễn phí,97%,81%,100%,1,0,0,0,18
laptop,6.685.956 ₫,27% Off,69 Đã bán,(28),Hồ Chí Minh,9.999.999 ₫,Miễn phí,97%,,,0,0,0,0,28
laptop,4.799.999 ₫,40% Off,117 Đã bán,(33),Hải Phòng,7.939.999 ₫,Miễn phí,95%,99%,100%,1,0,0,0,32
laptop,4.804.919 ₫,44% Off,97 Đã bán,(23),Hải Phòng,8.599.999 ₫,51.100 ₫,88%,100%,100%,3,0,1,0,20
laptop,864.999 ₫,28% Off,15 Đã bán,(2),Hưng Yên,1.499.999 ₫,100.600 ₫,86%,100%,87%,1,0,0,0,1
laptop,7.689.000 ₫,,40 Đã bán,(7),Hưng Yên,,37.700 ₫,100%,98%,100%,0,0,0,0,7
laptop,6.614.299 ₫,27% Off,91 Đã bán,(49),Hồ Chí Minh,8.999.999 ₫,Miễn phí,96%,100%,100%,1,0,0,2,46
laptop,1.798.761 ₫,10% Off,20 Đã bán,(6),Hà Nội,4.290.000 ₫,84.600 ₫,94%,100%,82%,0,0,0,0,6
laptop,1.089.839 ₫,16% Off,,(3),Hưng Yên,1.399.999 ₫,80.200 ₫,86%,100%,87%,0,0,0,0,3
laptop,4.560.080 ₫,21% Off,28 Đã bán,(15),Hà Nội,6.500.000 ₫,84.600 ₫,94%,100%,82%,0,2,0,1,12
laptop,2.834.699 ₫,19% Off,53 Đã bán,(4),Hà Nội,6.500.000 ₫,Miễn phí,98%,100%,100%,0,0,0,0,4
laptop,6.047.091 ₫,45% Off,11 Đã bán,(5),Hà Nội,11.000.000 ₫,38.000 ₫,94%,100%,82%,0,0,0,0,5
laptop,631.000 ₫,18% Off,,,Nước ngoài,845.000 ₫,Miễn phí,100%,,100%,0,0,0,0,0
laptop,2.990.000 ₫,,,,Hưng Yên,,70.000 ₫,91%,65%,100%,0,0,0,0,0
laptop,3.400.000 ₫,,14 Đã bán,,Quảng Trị,,37.700 ₫,97%,,,0,0,0,0,0
laptop,7.254.959 ₫,45% Off,16 Đã bán,(3),Hải Phòng,13.199.999 ₫,Miễn phí,100%,100%,100%,0,0,0,0,3
laptop,7.131.799 ₫,52% Off,21 Đã bán,(4),Hải Phòng,16.099.999 ₫,Miễn phí,100%,100%,100%,0,0,0,0,5
laptop,990.000 ₫,1% Off,36 Đã bán,(15),Hải Dương,1.500.000 ₫,90.700 ₫,94%,100%,75%,1,0,1,0,13
laptop,350.000 ₫,,,,Tây Ninh,,48.200 ₫,97%,100%,80%,0,0,0,0,0
laptop,4.351.599 ₫,48% Off,25 Đã bán,(5),Hải Phòng,8.299.999 ₫,Miễn phí,100%,100%,100%,0,0,0,0,5
laptop,4.439.400 ₫,"56% Off
Giá Chào Sàn",,,Hồ Chí Minh,10.500.000 ₫,16.500 ₫,96%,80%,94%,0,0,0,0,0
laptop,1.799.000 ₫,,75 Đã bán,(21),Đồng Nai,,65.500 ₫,96%,50%,50%,1,0,0,1,19
laptop,2.550.000 ₫,20% Off,33 Đã bán,(9),Hà Nội,3.200.000 ₫,52.400 ₫,91%,75%,100%,0,0,0,0,9
laptop,1.799.000 ₫,,118 Đã bán,(37),Đồng Nai,,65.500 ₫,96%,50%,50%,0,0,0,1,36
laptop,1.200.000 ₫,,25 Đã bán,(10),Tiền Giang,,32.200 ₫,87%,28%,100%,0,0,0,1,9
laptop,978.780 ₫,11% Off,9 Đã bán,(1),Tiền Giang,1.100.000 ₫,40.300 ₫,82%,86%,87%,0,0,0,0,1
laptop,3.390.000 ₫,15% Off,,(3),Hà Nội,4.000.000 ₫,52.400 ₫,91%,75%,100%,0,0,0,0,3
laptop,9.490.000 ₫,42% Off,8 Đã bán,(3),Hà Nội,16.426.000 ₫,51.500 ₫,92%,,,0,0,0,0,3
laptop,1.700.000 ₫,,,,Hưng Yên,,70.000 ₫,91%,65%,100%,0,0,0,0,0
laptop,5.999.999 ₫,25% Off,13 Đã bán,(9),Hồ Chí Minh,7.999.999 ₫,Miễn phí,97%,,,0,1,0,0,8
laptop,2.550.000 ₫,49% Off,169 Đã bán,(50),Thái Bình,5.000.000 ₫,80.200 ₫,95%,100%,,2,0,0,2,46
laptop,14.699.000 ₫,30% Off,38 Đã bán,(12),Hồ Chí Minh,21.000.000 ₫,23.800 ₫,100%,100%,100%,0,0,0,0,12
laptop,6.851.459 ₫,24% Off,127 Đã bán,(27),Hồ Chí Minh,9.999.999 ₫,Miễn phí,97%,,,0,0,0,0,27
laptop,1.600.000 ₫,,261 Đã bán,(133),Nghệ An,,56.800 ₫,95%,100%,,6,1,2,9,115
laptop,6.414.925 ₫,"52% Off
Áp dụng voucher",27 Đã bán,(20),Hồ Chí Minh,12.999.999 ₫,Miễn phí,97%,81%,100%,1,0,0,0,18
laptop,15.200.000 ₫,31% Off,69 Đã bán,(22),Hồ Chí Minh,22.000.000 ₫,23.800 ₫,100%,100%,100%,0,0,0,0,22
laptop,8.275.139 ₫,"36% Off
Áp dụng voucher",17 Đã bán,(6),Hồ Chí Minh,13.999.999 ₫,Miễn phí,97%,81%,100%,0,0,0,0,6
laptop,400.000 ₫,,9 Đã bán,(2),Tiền Giang,,40.300 ₫,87%,28%,100%,0,0,0,0,2
laptop,3.500.000 ₫,,15 Đã bán,(3),Hồ Chí Minh,,20.100 ₫,88%,100%,100%,0,0,0,0,3
laptop,1.700.000 ₫,,17 Đã bán,(8),Hưng Yên,,56.800 ₫,91%,65%,100%,0,0,0,1,7
laptop,2.268.000 ₫,,,(1),Nghệ An,,56.800 ₫,94%,92%,91%,0,0,0,0,1
laptop,6.228.599 ₫,28% Off,302 Đã bán,(126),Hồ Chí Minh,12.900.000 ₫,Miễn phí,95%,100%,85%,5,0,0,0,122
laptop,15.089.000 ₫,8% Off,,,Hồ Chí Minh,16.489.000 ₫,12.800 ₫,97%,98%,89%,0,0,0,0,0
laptop,7.250.089 ₫,19% Off,129 Đã bán,(35),Hồ Chí Minh,8.999.999 ₫,Miễn phí,95%,100%,85%,1,0,0,0,34
laptop,3.500.000 ₫,49% Off,,(1),Hồ Chí Minh,6.800.000 ₫,23.800 ₫,96%,100%,100%,0,0,0,0,1
laptop,6.234.719 ₫,"58% Off
Áp dụng voucher",7 Đã bán,(4),Hồ Chí Minh,17.999.999 ₫,Miễn phí,97%,81%,100%,0,0,0,0,4
laptop,5.622.499 ₫,14% Off,8 Đã bán,(2),Hà Nội,,Miễn phí,98%,100%,100%,0,0,0,0,2
laptop,4.600.000 ₫,,,(1),Hưng Yên,,70.000 ₫,91%,65%,100%,0,0,0,0,1
laptop,3.800.000 ₫,,17 Đã bán,(5),Hưng Yên,,70.000 ₫,91%,65%,100%,1,0,1,0,3
laptop,4.900.000 ₫,37% Off,,(1),Hồ Chí Minh,7.800.000 ₫,Miễn phí,96%,100%,100%,0,0,0,0,1
laptop,4.650.000 ₫,,8 Đã bán,(1),Hà Nội,,45.100 ₫,99%,100%,100%,0,0,0,0,1
laptop,3.800.000 ₫,46% Off,,(1),Hồ Chí Minh,7.000.000 ₫,16.500 ₫,96%,80%,94%,0,0,0,1,0
laptop,7.570.000 ₫,,55 Đã bán,(13),Hà Nội,,Miễn phí,98%,100%,100%,0,0,0,0,13
laptop,2.570.000 ₫,10% Off,33 Đã bán,(10),Hà Nội,3.270.000 ₫,Miễn phí,98%,100%,100%,0,0,0,1,10
laptop,14.900.000 ₫,,,,Hồ Chí Minh,,27.300 ₫,,,,0,0,0,0,0
laptop,3.730.000 ₫,37% Off,31 Đã bán,(11),Hồ Chí Minh,6.800.000 ₫,27.300 ₫,96%,100%,100%,1,0,0,0,10
laptop,1.799.000 ₫,,147 Đã bán,(39),Đồng Nai,,65.500 ₫,99%,100%,50%,0,0,0,1,39
laptop,455.555 ₫,18% Off,,,Nước ngoài,555.555 ₫,Miễn phí,100%,,100%,0,0,0,0,0
laptop,5.900.000 ₫,31% Off,,,Thanh Hóa,8.500.000 ₫,56.800 ₫,96%,100%,66%,0,0,0,0,0
laptop,2.789.000 ₫,20% Off,157 Đã bán,(66),Quảng Trị,4.199.000 ₫,70.000 ₫,97%,,,0,0,0,4,62
laptop,2.430.000 ₫,14% Off,,(2),Hà Nội,2.840.000 ₫,Miễn phí,98%,100%,100%,0,0,0,0,2
laptop,2.500.000 ₫,,102 Đã bán,(46),Hà Nội,,104.900 ₫,92%,50%,85%,0,0,2,1,43
laptop,4.200.000 ₫,28% Off,5 Đã bán,(3),Hồ Chí Minh,5.800.000 ₫,16.500 ₫,96%,80%,94%,0,0,0,0,4
laptop,3.240.000 ₫,,5 Đã bán,,Hà Nội,,Miễn phí,98%,100%,100%,0,0,0,0,0
laptop,1.300.000 ₫,13% Off,58 Đã bán,(24),Hồ Chí Minh,1.500.000 ₫,13.800 ₫,90%,100%,100%,1,0,1,4,18
laptop,1.799.000 ₫,,50 Đã bán,(13),Đồng Nai,,65.500 ₫,96%,50%,50%,0,0,0,1,12
laptop,1.799.000 ₫,,52 Đã bán,(13),Đồng Nai,,Miễn phí,96%,50%,50%,0,0,0,0,14
laptop,2.300.000 ₫,8% Off,,(0),Hà Nội,3.000.000 ₫,104.900 ₫,92%,50%,85%,0,0,0,0,1
laptop,2.699.000 ₫,,,,Đồng Nai,,48.200 ₫,97%,100%,,0,0,0,0,0
laptop,2.699.000 ₫,,,,Đồng Nai,,48.200 ₫,97%,100%,,0,0,0,0,0
laptop,1.500.000 ₫,,11 Đã bán,(6),Tiền Giang,,,,,,0,0,2,0,3
laptop,1.799.000 ₫,,64 Đã bán,(18),Đồng Nai,,65.500 ₫,96%,50%,50%,1,0,0,1,16
laptop,3.256.000 ₫,45% Off,45 Đã bán,(16),Hồ Chí Minh,8.800.000 ₫,23.800 ₫,96%,100%,100%,0,0,1,0,15
laptop,13.590.000 ₫,30% Off,11 Đã bán,(3),Hồ Chí Minh,19.490.000 ₫,9.700 ₫,97%,98%,89%,0,0,0,0,3
laptop,2.580.420 ₫,43% Off,,(1),Hồ Chí Minh,5.500.000 ₫,23.800 ₫,96%,100%,100%,0,0,0,0,1
laptop,3.999.999 ₫,,7 Đã bán,(3),Hà Nội,,Miễn phí,98%,100%,100%,0,0,0,0,3
laptop,4.500.000 ₫,,5 Đã bán,(4),Hà Nội,,Miễn phí,98%,100%,100%,0,0,0,0,4
laptop,8.890.000 ₫,30% Off,6 Đã bán,(2),Hồ Chí Minh,12.790.000 ₫,23.800 ₫,94%,100%,,0,0,0,0,2
laptop,700.000 ₫,,,(1),Tiền Giang,,32.200 ₫,82%,86%,87%,1,0,0,0,0
laptop,2.350.000 ₫,22% Off,48 Đã bán,(24),Hà Nội,3.000.000 ₫,55.400 ₫,95%,100%,100%,0,2,0,2,21
laptop,9.956.862 ₫,11% Off,32 Đã bán,(6),Hà Nội,12.190.000 ₫,32.500 ₫,95%,100%,95%,0,0,0,0,6
laptop,4.404.510 ₫,32% Off,12 Đã bán,(4),Hồ Chí Minh,8.200.000 ₫,Miễn phí,90%,,,0,0,0,0,5
laptop,4.500.000 ₫,,14 Đã bán,(5),Hưng Yên,,51.100 ₫,100%,98%,100%,0,0,0,0,5
laptop,2.800.000 ₫,,,(1),Hồ Chí Minh,,27.300 ₫,100%,,,0,0,0,0,1
laptop,1.790.000 ₫,,11 Đã bán,(1),Hà Nội,,51.500 ₫,79%,84%,96%,0,0,0,0,1
laptop,26.000.000 ₫,10% Off,8 Đã bán,,Hồ Chí Minh,28.790.000 ₫,Miễn phí,94%,86%,100%,0,0,0,0,0
laptop,8.008.199 ₫,20% Off,5 Đã bán,(1),Hồ Chí Minh,9.999.999 ₫,Miễn phí,95%,100%,85%,0,0,0,0,2
laptop,4.500.000 ₫,,,,Hồ Chí Minh,,Miễn phí,100%,100%,100%,0,0,0,0,0
laptop,7.352.999 ₫,52% Off,15 Đã bán,(3),Hải Phòng,14.399.999 ₫,Miễn phí,100%,100%,100%,0,0,0,0,3
laptop,7.156.999 ₫,53% Off,20 Đã bán,(4),Hải Phòng,14.099.999 ₫,Miễn phí,100%,100%,100%,0,0,0,0,4
laptop,7.850.000 ₫,43% Off,8 Đã bán,(4),Hồ Chí Minh,13.800.000 ₫,27.300 ₫,96%,100%,,0,0,0,0,4
laptop,6.299.000 ₫,3% Off,,(0),Đồng Nai,6.500.000 ₫,Miễn phí,95%,100%,100%,0,0,0,0,1
laptop,6.300.000 ₫,,15 Đã bán,(1),Hưng Yên,,70.000 ₫,91%,65%,100%,0,0,0,0,1
laptop,3.270.000 ₫,24% Off,9 Đã bán,(1),Hà Nội,4.289.000 ₫,Miễn phí,98%,100%,100%,0,0,0,0,1
laptop,631.000 ₫,18% Off,,,Nước ngoài,768.000 ₫,Miễn phí,100%,,100%,0,0,0,0,0
laptop,1.799.000 ₫,,146 Đã bán,(41),Đồng Nai,,65.500 ₫,99%,100%,50%,0,0,0,1,40
laptop,400.000 ₫,,,(1),Tiền Giang,,40.300 ₫,87%,28%,100%,0,0,0,0,1
laptop,3.470.000 ₫,,9 Đã bán,(5),Hà Nội,,Miễn phí,98%,100%,100%,0,0,1,0,4
laptop,4.000.000 ₫,50% Off,,(1),Hồ Chí Minh,8.598.000 ₫,10.200 ₫,91%,100%,80%,0,0,0,0,1
laptop,2.750.000 ₫,31% Off,,,Hồ Chí Minh,4.000.000 ₫,16.500 ₫,96%,80%,94%,0,0,0,0,0
laptop,3.470.000 ₫,,,,Hà Nội,,Miễn phí,98%,100%,100%,0,0,0,0,0
laptop,1.400.000 ₫,,24 Đã bán,(10),Tiền Giang,,40.300 ₫,87%,28%,100%,2,0,0,0,9
laptop,899.999 ₫,10% Off,11 Đã bán,(4),Hưng Yên,999.999 ₫,100.600 ₫,86%,100%,87%,1,0,0,0,4
laptop,1.499.999 ₫,6% Off,,,Hưng Yên,1.999.999 ₫,100.600 ₫,86%,100%,87%,0,0,0,0,0
laptop,2.400.000 ₫,,31 Đã bán,(10),Hà Nội,,74.400 ₫,92%,50%,85%,0,0,1,2,7
laptop,1.200.000 ₫,8% Off,147 Đã bán,(62),Hồ Chí Minh,1.500.000 ₫,13.800 ₫,90%,100%,100%,5,0,1,3,54
laptop,1.900.000 ₫,,29 Đã bán,(5),Hà Nội,,38.000 ₫,79%,84%,96%,1,0,0,0,4
laptop,1.067.760 ₫,18% Off,18 Đã bán,(6),Hồ Chí Minh,1.300.000 ₫,13.800 ₫,90%,100%,100%,0,0,0,0,6
laptop,2.848.000 ₫,,,(1),Nghệ An,,56.800 ₫,94%,92%,91%,0,0,0,0,1
laptop,3.788.000 ₫,12% Off,11 Đã bán,(5),Nghệ An,,63.300 ₫,94%,92%,91%,0,0,1,1,3
laptop,1.950.000 ₫,,,,Hồ Chí Minh,,38.000 ₫,,,100%,0,0,0,0,0
laptop,9.999.000 ₫,26% Off,9 Đã bán,(3),Hồ Chí Minh,13.490.000 ₫,27.300 ₫,93%,100%,,0,0,0,0,3
laptop,7.191.218 ₫,40% Off,103 Đã bán,(39),Hồ Chí Minh,,Miễn phí,98%,,,1,0,1,0,37
laptop,2.789.000 ₫,29% Off,22 Đã bán,(8),Hưng Yên,5.200.000 ₫,63.300 ₫,91%,65%,100%,0,0,0,1,6
laptop,6.350.000 ₫,31% Off,5 Đã bán,,Hồ Chí Minh,9.250.000 ₫,20.100 ₫,88%,100%,100%,0,0,0,0,0
laptop,1.200.000 ₫,48% Off,,,Hồ Chí Minh,2.300.000 ₫,Miễn phí,91%,100%,100%,0,0,0,0,0
laptop,6.950.000 ₫,,,,Hồ Chí Minh,,Miễn phí,96%,100%,100%,0,0,0,0,0
laptop,3.900.000 ₫,,,,Thanh Hóa,,100.600 ₫,,,,0,0,0,0,0
laptop,2.198.000 ₫,,,,Nghệ An,,63.300 ₫,94%,92%,91%,0,0,0,0,0
laptop,3.990.002 ₫,34% Off,,,Hà Nội,6.000.000 ₫,104.900 ₫,94%,100%,82%,0,0,0,0,0
laptop,2.700.000 ₫,36% Off,,(2),Hồ Chí Minh,4.200.000 ₫,20.100 ₫,88%,100%,100%,0,0,0,0,1
laptop,5.200.000 ₫,,,,Thanh Hóa,,100.600 ₫,,,,0,0,0,0,0
laptop,2.150.000 ₫,,23 Đã bán,(7),Hà Nội,,Miễn phí,97%,100%,100%,0,0,0,0,7
laptop,7.600.000 ₫,,40 Đã bán,(9),Hưng Yên,,70.000 ₫,91%,65%,100%,0,0,0,0,9
laptop,7.100.000 ₫,,42 Đã bán,(4),Hưng Yên,,37.700 ₫,100%,98%,100%,0,0,0,0,4
laptop,6.500.000 ₫,28% Off,11 Đã bán,(6),Hà Nội,8.490.000 ₫,94.800 ₫,94%,100%,82%,0,0,0,0,6
laptop,8.400.000 ₫,,16 Đã bán,(5),Hưng Yên,,70.000 ₫,91%,65%,100%,0,0,0,0,5
laptop,6.500.000 ₫,,11 Đã bán,(5),Hưng Yên,,70.000 ₫,91%,65%,100%,0,0,0,1,4
laptop,4.790.000 ₫,40% Off,,(2),Hà Nội,8.000.000 ₫,84.600 ₫,94%,100%,82%,0,0,0,0,2
laptop,2.496.000 ₫,7% Off,5 Đã bán,(2),Nghệ An,2.998.000 ₫,63.300 ₫,94%,92%,91%,0,0,0,0,3
laptop,8.990.000 ₫,44% Off,,(3),Hà Nội,16.000.000 ₫,84.600 ₫,94%,100%,82%,0,0,0,2,1
laptop,5.338.799 ₫,11% Off,9 Đã bán,(4),Hà Nội,,Miễn phí,98%,100%,100%,0,0,0,0,4
laptop,8.599.000 ₫,22% Off,5 Đã bán,(4),Hồ Chí Minh,11.010.000 ₫,27.300 ₫,96%,100%,,0,0,0,0,4
laptop,3.500.000 ₫,12% Off,30 Đã bán,(12),Hưng Yên,4.600.000 ₫,80.200 ₫,91%,65%,100%,1,1,4,0,6
laptop,3.890.000 ₫,15% Off,,(1),Hà Nội,4.600.000 ₫,52.400 ₫,91%,75%,100%,0,0,0,0,1
laptop,2.870.000 ₫,12% Off,7 Đã bán,(2),Hà Nội,3.270.000 ₫,Miễn phí,98%,100%,100%,0,0,0,1,1
laptop,3.000.000 ₫,40% Off,5 Đã bán,(4),Hà Nội,4.998.000 ₫,74.400 ₫,79%,84%,96%,0,0,0,0,3
laptop,1.000.000 ₫,,14 Đã bán,(5),Tiền Giang,,40.300 ₫,87%,28%,100%,0,0,0,0,6
laptop,1.799.000 ₫,,177 Đã bán,(43),Đồng Nai,,65.500 ₫,97%,,,1,0,1,0,41
laptop,990.000 ₫,42% Off,,,Thanh Hóa,1.699.969 ₫,80.200 ₫,86%,100%,,0,0,0,0,0
laptop,800.000 ₫,,,,Tiền Giang,,40.300 ₫,87%,28%,100%,0,0,0,0,0
laptop,1.031.000 ₫,,,,Tiền Giang,,40.300 ₫,87%,28%,100%,0,0,0,0,0
laptop,1.200.000 ₫,8% Off,138 Đã bán,(56),Hồ Chí Minh,1.850.000 ₫,13.800 ₫,90%,100%,100%,4,2,1,2,47
laptop,3.070.000 ₫,6% Off,5 Đã bán,(1),Hà Nội,3.270.000 ₫,Miễn phí,98%,100%,100%,0,0,0,0,1
laptop,1.300.000 ₫,,14 Đã bán,(8),Hà Nội,,104.900 ₫,92%,50%,85%,0,0,0,0,8
laptop,999.999 ₫,17% Off,38 Đã bán,(10),Hưng Yên,1.199.999 ₫,100.600 ₫,82%,100%,,1,1,1,0,7
laptop,1.799.000 ₫,,52 Đã bán,(13),Đồng Nai,,65.500 ₫,96%,50%,50%,0,0,0,0,13
laptop,6.900.000 ₫,,123 Đã bán,(52),Hà Nội,,49.400 ₫,96%,,,0,0,0,0,52
laptop,1.490.000 ₫,32% Off,10 Đã bán,(3),Hà Nội,2.200.000 ₫,55.400 ₫,95%,100%,100%,0,0,0,1,2
laptop,5.499.000 ₫,25% Off,130 Đã bán,(57),Hà Nội,7.299.000 ₫,74.400 ₫,96%,100%,100%,0,0,0,2,55
laptop,11.290.000 ₫,6% Off,,,Hồ Chí Minh,11.990.000 ₫,,96%,,81%,0,0,0,0,0
laptop,7.050.000 ₫,30% Off,11 Đã bán,(3),Hà Nội,,,,,,0,0,0,0,3
laptop,1.500.000 ₫,,,(1),Tiền Giang,,48.200 ₫,87%,28%,100%,0,0,0,0,0
laptop,1.990.000 ₫,,7 Đã bán,(1),Hà Nội,,Miễn phí,95%,,,0,0,0,0,1
laptop,2.500.000 ₫,44% Off,7 Đã bán,(2),Phú Thọ,4.800.000 ₫,51.100 ₫,87%,,,0,0,0,0,2
laptop,2.500.000 ₫,,,,Hồ Chí Minh,,23.800 ₫,79%,100%,,0,0,0,0,0
laptop,9.706.000 ₫,,18 Đã bán,(3),Hà Nội,,64.700 ₫,92%,,,0,0,0,0,3
laptop,3.600.000 ₫,40% Off,11 Đã bán,(3),Hà Nội,6.750.000 ₫,84.600 ₫,98%,100%,100%,0,0,0,0,3
laptop,8.890.000 ₫,29% Off,,,Hồ Chí Minh,12.490.000 ₫,20.100 ₫,97%,99%,86%,0,0,0,0,0
laptop,6.500.000 ₫,,19 Đã bán,(8),Hưng Yên,,70.000 ₫,91%,65%,100%,0,0,0,0,8
laptop,5.800.000 ₫,34% Off,12 Đã bán,(2),Hà Nội,8.800.000 ₫,84.600 ₫,98%,100%,100%,0,0,0,0,3
laptop,5.792.597 ₫,"36% Off
Áp dụng voucher",5 Đã bán,(1),Hồ Chí Minh,9.999.999 ₫,Miễn phí,97%,81%,100%,0,0,0,0,1
laptop,2.350.000 ₫,,,,Hà Nội,,Miễn phí,97%,100%,100%,0,0,0,0,0
laptop,25.080.000 ₫,13% Off,,,Hà Nội,28.840.000 ₫,74.400 ₫,100%,,,0,0,0,0,0
laptop,2.650.000 ₫,,,,Hà Nội,,Miễn phí,97%,100%,100%,0,0,0,0,0
laptop,2.990.000 ₫,25% Off,13 Đã bán,(8),Hà Nội,3.990.000 ₫,51.500 ₫,100%,100%,,0,1,0,0,7
laptop,3.500.000 ₫,12% Off,10 Đã bán,(4),Hưng Yên,,,,,,0,0,0,0,4
laptop,8.599.999 ₫,39% Off,,,Hồ Chí Minh,14.999.999 ₫,Miễn phí,95%,100%,85%,0,0,0,0,1
laptop,9.990.000 ₫,9% Off,,,Hồ Chí Minh,10.990.000 ₫,,96%,,81%,0,0,0,0,0
laptop,21.600.000 ₫,8% Off,,(1),Hồ Chí Minh,23.590.000 ₫,Miễn phí,94%,86%,100%,0,0,0,0,1
laptop,2.500.000 ₫,,,(1),Hưng Yên,,80.200 ₫,91%,65%,100%,0,0,0,0,1
laptop,2.200.000 ₫,,,,Hưng Yên,,80.200 ₫,91%,65%,100%,0,0,0,0,1
laptop,5.800.000 ₫,,,,Hà Nội,,Miễn phí,98%,100%,100%,0,0,0,0,0
laptop,7.290.599 ₫,49% Off,15 Đã bán,(2),Hải Phòng,14.299.999 ₫,Miễn phí,100%,100%,100%,0,0,0,0,3
laptop,1.799.000 ₫,,170 Đã bán,(49),Đồng Nai,,65.500 ₫,97%,,,2,0,0,0,47
laptop,1.100.000 ₫,8% Off,,,Đồng Nai,1.200.000 ₫,Miễn phí,100%,100%,100%,0,0,0,0,0
laptop,2.880.000 ₫,,,,Hà Nội,,Miễn phí,98%,100%,100%,0,0,0,0,0
laptop,2.667.000 ₫,,,,Hà Nội,,Miễn phí,98%,100%,100%,0,0,0,0,0
laptop,2.970.000 ₫,,5 Đã bán,(3),Hà Nội,,Miễn phí,98%,100%,100%,0,0,0,0,3
laptop,1.500.000 ₫,,,,Hồ Chí Minh,,Miễn phí,93%,100%,100%,0,0,0,0,0
laptop,3.349.000 ₫,,30 Đã bán,(6),Quảng Trị,,Miễn phí,97%,,,0,0,0,0,6
laptop,680.000 ₫,,,,Hồ Chí Minh,,27.300 ₫,100%,83%,100%,0,0,0,0,0
laptop,3.800.000 ₫,,90 Đã bán,(25),Nam Định,,56.800 ₫,99%,100%,100%,0,0,0,0,25
laptop,2.240.000 ₫,19% Off,5 Đã bán,(2),Hà Nội,2.770.000 ₫,Miễn phí,98%,100%,100%,0,0,0,0,2
laptop,1.200.000 ₫,14% Off,145 Đã bán,(53),Hồ Chí Minh,1.400.000 ₫,13.800 ₫,90%,100%,100%,3,2,1,2,45
laptop,2.450.000 ₫,,17 Đã bán,(10),Bình Dương,,40.300 ₫,96%,,,0,0,1,0,9
laptop,2.500.000 ₫,,8 Đã bán,(6),Hà Nội,,104.900 ₫,92%,50%,85%,1,0,0,0,5
laptop,5.700.000 ₫,35% Off,,(1),Hồ Chí Minh,8.800.000 ₫,Miễn phí,96%,100%,100%,0,0,0,0,1
laptop,9.590.000 ₫,24% Off,,,Hồ Chí Minh,12.590.000 ₫,30.900 ₫,88%,,,0,0,0,0,0
laptop,3.390.000 ₫,11% Off,,(1),Hà Nội,3.800.000 ₫,55.400 ₫,95%,100%,100%,0,0,0,0,1
laptop,29.990.000 ₫,25% Off,,,Hà Nội,39.999.000 ₫,21.200 ₫,99%,97%,99%,0,0,0,0,0
laptop,9.490.000 ₫,36% Off,,,Hồ Chí Minh,14.790.000 ₫,10.200 ₫,97%,98%,89%,0,0,0,0,0
laptop,1.290.000 ₫,,,,Bình Dương,,118.500 ₫,,,,0,0,0,0,0
laptop,19.690.000 ₫,10% Off,,,Hồ Chí Minh,21.990.000 ₫,,96%,,81%,0,0,0,0,0
laptop,15.090.000 ₫,8% Off,,,Hồ Chí Minh,16.489.000 ₫,9.700 ₫,97%,98%,89%,0,0,0,0,0
laptop,15.500.000 ₫,26% Off,5 Đã bán,,Hồ Chí Minh,20.990.000 ₫,12.800 ₫,94%,100%,,0,0,0,0,0
laptop,6.300.000 ₫,40% Off,,(1),Hồ Chí Minh,10.500.000 ₫,Miễn phí,96%,100%,100%,0,0,0,0,1
laptop,3.950.000 ₫,,,,Hà Nội,,Miễn phí,97%,100%,100%,0,0,0,0,0
laptop,17.337.000 ₫,21% Off,,,Hồ Chí Minh,21.990.000 ₫,16.300 ₫,94%,100%,,0,0,0,0,0
laptop,3.500.000 ₫,,,,Hà Nội,,64.700 ₫,100%,,,0,0,0,0,0
laptop,16.500.000 ₫,13% Off,,,Hà Nội,18.980.000 ₫,64.700 ₫,100%,,,0,0,0,0,0
laptop,7.750.000 ₫,22% Off,8 Đã bán,,Hà Nội,9.990.000 ₫,74.400 ₫,98%,100%,92%,0,0,0,0,0
laptop,3.700.000 ₫,,,,Hồ Chí Minh,,20.100 ₫,90%,86%,,0,0,0,0,0
laptop,26.694.000 ₫,11% Off,,,Hà Nội,30.000.000 ₫,Miễn phí,98%,100%,100%,0,0,0,0,0
laptop,10.590.000 ₫,24% Off,9 Đã bán,(1),Hồ Chí Minh,13.890.000 ₫,23.800 ₫,94%,100%,,0,0,1,0,0
laptop,3.381.240 ₫,42% Off,,(1),Hồ Chí Minh,5.800.000 ₫,23.800 ₫,96%,100%,100%,0,0,0,0,1
laptop,13.890.000 ₫,13% Off,,,Hồ Chí Minh,15.990.000 ₫,,96%,,81%,0,0,0,0,0
laptop,9.950.000 ₫,26% Off,,(1),Hồ Chí Minh,13.480.000 ₫,27.300 ₫,96%,100%,,0,0,0,0,1
laptop,11.780.000 ₫,33% Off,,,Hà Nội,17.490.000 ₫,84.600 ₫,98%,100%,92%,0,0,0,0,0
laptop,8.800.000 ₫,7% Off,,(1),Hà Nội,9.500.000 ₫,64.700 ₫,100%,,,0,0,0,0,1
laptop,15.400.000 ₫,13% Off,,(1),Hà Nội,17.710.000 ₫,64.700 ₫,100%,,,0,0,0,0,1
laptop,7.900.000 ₫,21% Off,,,Hà Nội,10.000.000 ₫,84.600 ₫,94%,100%,82%,0,0,0,0,0
laptop,8.897.999 ₫,26% Off,14 Đã bán,(1),Hồ Chí Minh,12.599.999 ₫,Miễn phí,95%,100%,85%,0,0,0,0,1
laptop,1.900.000 ₫,5% Off,,,Đà Nẵng,2.000.000 ₫,45.100 ₫,100%,,,0,0,0,0,0
laptop,2.530.000 ₫,,,,Hồ Chí Minh,,20.100 ₫,,,,0,0,0,0,0
laptop,3.800.000 ₫,21% Off,,(1),Hồ Chí Minh,5.800.000 ₫,27.300 ₫,96%,100%,100%,0,0,0,0,1
laptop,3.380.000 ₫,32% Off,,,Hồ Chí Minh,5.000.000 ₫,23.800 ₫,96%,100%,100%,0,0,0,0,0
laptop,1.354.350 ₫,10% Off,5 Đã bán,(1),Tiền Giang,1.500.000 ₫,48.200 ₫,82%,86%,87%,0,0,0,0,1
laptop,668.113 ₫,33% Off,,,Nước ngoài,999.900 ₫,17.000 ₫,100%,,,0,0,0,0,0
laptop,1.842.000 ₫,,,,Hà Nội,,64.700 ₫,79%,84%,96%,0,0,0,0,0
laptop,1.957.560 ₫,53% Off,,,Hồ Chí Minh,4.200.000 ₫,27.300 ₫,96%,100%,100%,0,0,0,0,0
laptop,1.799.000 ₫,,146 Đã bán,(35),Đồng Nai,,65.500 ₫,97%,,,0,0,0,0,35
laptop,1.970.000 ₫,,,,Hà Nội,,Miễn phí,98%,100%,100%,0,0,0,0,0
laptop,1.790.000 ₫,,,,Hồ Chí Minh,,27.300 ₫,100%,100%,,0,0,0,0,0
laptop,4.600.000 ₫,,16 Đã bán,(15),Hà Nội,,Miễn phí,100%,,,0,0,0,0,15
laptop,2.500.000 ₫,,25 Đã bán,(10),Hà Nội,,104.900 ₫,92%,50%,85%,0,0,0,2,9
laptop,2.300.000 ₫,15% Off,7 Đã bán,(4),Hà Nội,2.700.000 ₫,55.400 ₫,95%,100%,100%,0,0,0,1,3
laptop,2.699.000 ₫,,,,Đồng Nai,,48.200 ₫,97%,100%,,0,0,0,0,0
laptop,1.500.000 ₫,,,,Tiền Giang,,48.200 ₫,87%,28%,100%,0,0,0,0,0
laptop,9.990.000 ₫,19% Off,5 Đã bán,,Hồ Chí Minh,12.290.000 ₫,,96%,,81%,0,0,0,0,0
laptop,1.999.000 ₫,,,,Hồ Chí Minh,,18.300 ₫,92%,100%,77%,0,0,0,0,0
laptop,3.690.000 ₫,12% Off,,,Hà Nội,4.200.000 ₫,55.400 ₫,95%,100%,100%,0,0,0,0,0
laptop,6.570.000 ₫,,131 Đã bán,(23),Hưng Yên,,56.800 ₫,97%,100%,100%,0,0,0,2,21
laptop,8.000.000 ₫,32% Off,74 Đã bán,(7),Hà Nội,11.800.000 ₫,84.600 ₫,98%,100%,100%,0,0,0,0,7
laptop,950.000 ₫,,,,Hồ Chí Minh,,Miễn phí,93%,100%,100%,0,0,0,0,0
laptop,3.381.240 ₫,48% Off,6 Đã bán,(4),Hồ Chí Minh,6.500.000 ₫,27.300 ₫,96%,100%,100%,0,0,0,0,4
laptop,14.990.000 ₫,9% Off,,,Hồ Chí Minh,16.490.000 ₫,9.700 ₫,97%,98%,89%,0,0,0,0,0
laptop,2.660.000 ₫,25% Off,153 Đã bán,(43),Hưng Yên,3.560.000 ₫,90.400 ₫,91%,65%,100%,1,4,2,10,26
laptop,27.990.000 ₫,26% Off,,,Hồ Chí Minh,37.999.000 ₫,21.200 ₫,99%,97%,99%,0,0,0,0,0
laptop,60.420.400 ₫,,,,Hà Nội,,74.400 ₫,92%,,,0,0,0,0,0
laptop,2.500.000 ₫,22% Off,8 Đã bán,(4),Hà Nội,3.200.000 ₫,62.600 ₫,91%,75%,100%,0,0,0,1,3
laptop,2.800.000 ₫,20% Off,,,Hồ Chí Minh,3.500.000 ₫,27.300 ₫,96%,100%,80%,0,0,0,0,0
laptop,1.500.000 ₫,25% Off,,(2),Hồ Chí Minh,2.000.000 ₫,Miễn phí,91%,100%,100%,0,0,0,0,2
laptop,11.000.000 ₫,13% Off,,,Hà Nội,12.650.000 ₫,64.700 ₫,100%,,,0,0,0,0,1
laptop,2.990.000 ₫,,19 Đã bán,(9),Hưng Yên,,90.400 ₫,91%,65%,100%,0,0,0,1,8
laptop,8.800.000 ₫,,24 Đã bán,(7),Hà Nội,,38.000 ₫,97%,100%,100%,0,0,0,0,7
laptop,18.370.000 ₫,13% Off,,,Hà Nội,21.130.000 ₫,64.700 ₫,100%,,,0,0,0,0,0
laptop,18.370.000 ₫,13% Off,,,Hà Nội,21.130.000 ₫,64.700 ₫,100%,,,0,0,0,0,0
laptop,6.620.111 ₫,"53% Off
Áp dụng voucher",,(1),Hồ Chí Minh,15.999.999 ₫,Miễn phí,97%,81%,100%,0,0,0,0,1
laptop,13.200.000 ₫,13% Off,,,Hà Nội,15.180.000 ₫,64.700 ₫,100%,,,0,0,0,0,0
laptop,24.750.000 ₫,13% Off,,,Hà Nội,28.460.000 ₫,74.400 ₫,100%,,,0,0,0,0,0
laptop,1.650.000 ₫,,,,Hồ Chí Minh,,27.300 ₫,100%,100%,,0,0,0,0,0
laptop,39.999.000 ₫,,7 Đã bán,,Hồ Chí Minh,,Miễn phí,97%,100%,100%,0,0,0,0,0
laptop,11.999.999 ₫,8% Off,,,Hồ Chí Minh,12.999.999 ₫,Miễn phí,96%,100%,100%,0,0,0,0,0
laptop,4.388.000 ₫,,,,Nghệ An,,63.300 ₫,94%,92%,91%,0,0,0,0,0
laptop,4.199.000 ₫,,,,Quảng Trị,,Miễn phí,97%,,,0,0,0,0,0
laptop,2.870.000 ₫,,,,Hà Nội,,Miễn phí,98%,100%,100%,0,0,0,0,0
laptop,1.799.000 ₫,,67 Đã bán,(17),Đồng Nai,,65.500 ₫,96%,50%,50%,1,0,0,0,17
laptop,1.800.000 ₫,,30 Đã bán,(12),Hưng Yên,,63.300 ₫,91%,65%,100%,0,0,0,1,11
laptop,990.000 ₫,42% Off,,(2),Thanh Hóa,1.699.989 ₫,70.000 ₫,86%,100%,,0,1,0,0,1
laptop,1.099.000 ₫,,,,Hà Nội,,63.400 ₫,93%,92%,78%,0,0,0,0,0
laptop,1.200.000 ₫,14% Off,,(2),Hồ Chí Minh,1.400.000 ₫,13.800 ₫,90%,100%,100%,0,0,0,0,2
laptop,2.000.000 ₫,50% Off,11 Đã bán,(1),Hồ Chí Minh,4.000.000 ₫,20.100 ₫,67%,,,0,0,0,0,1
laptop,1.900.000 ₫,5% Off,33 Đã bán,(14),Hồ Chí Minh,2.000.000 ₫,13.800 ₫,90%,100%,100%,0,0,1,1,12
laptop,4.526.000 ₫,43% Off,210 Đã bán,(69),Hà Nội,8.000.000 ₫,74.400 ₫,95%,100%,90%,0,1,1,2,65
laptop,7.750.000 ₫,28% Off,119 Đã bán,(11),Hà Nội,,,,,,0,0,0,0,11
laptop,2.100.000 ₫,,,,Hà Nội,,Miễn phí,,,,0,0,0,0,0
laptop,14.599.000 ₫,25% Off,,,Hồ Chí Minh,19.490.000 ₫,27.300 ₫,93%,100%,,0,0,0,0,0
laptop,1.950.000 ₫,,,,Hồ Chí Minh,,19.600 ₫,,,100%,0,0,0,0,0
laptop,1.900.000 ₫,5% Off,11 Đã bán,(5),Hồ Chí Minh,2.000.000 ₫,13.800 ₫,90%,100%,100%,0,0,0,0,5
laptop,2.128.000 ₫,,18 Đã bán,(3),Hà Nội,,64.700 ₫,79%,84%,96%,1,0,0,0,2
laptop,2.500.000 ₫,,,,Đồng Nai,,40.300 ₫,,,100%,0,0,0,0,0
laptop,3.650.000 ₫,,,,Hưng Yên,,43.900 ₫,100%,98%,100%,0,0,0,0,0
laptop,24.610.000 ₫,,6 Đã bán,,Hồ Chí Minh,,74.700 ₫,92%,20%,83%,0,0,0,0,0
laptop,900.000 ₫,,,,Hồ Chí Minh,,Miễn phí,93%,100%,100%,0,0,0,0,0
laptop,3.800.000 ₫,37% Off,,,Hồ Chí Minh,7.500.000 ₫,Miễn phí,96%,100%,100%,0,0,0,0,0
laptop,13.500.000 ₫,12% Off,,,Hồ Chí Minh,15.400.000 ₫,30.900 ₫,96%,100%,,0,0,0,0,0
laptop,6.900.000 ₫,,13 Đã bán,(5),Hưng Yên,,70.000 ₫,91%,65%,100%,1,0,1,1,2
laptop,3.900.000 ₫,,,,Hưng Yên,,70.000 ₫,91%,65%,100%,0,0,0,0,0
laptop,2.610.000 ₫,48% Off,,,Hồ Chí Minh,5.000.000 ₫,23.800 ₫,96%,100%,100%,0,0,0,0,0
laptop,2.450.000 ₫,18% Off,6 Đã bán,(4),Hà Nội,3.000.000 ₫,55.400 ₫,95%,100%,100%,0,0,0,1,2
laptop,14.790.000 ₫,10% Off,,,Hồ Chí Minh,16.490.000 ₫,,96%,,81%,0,0,0,0,0
laptop,5.990.000 ₫,9% Off,,(2),Thanh Hóa,6.590.000 ₫,56.800 ₫,96%,100%,66%,1,0,0,0,1
laptop,3.149.000 ₫,54% Off,12 Đã bán,(4),Hồ Chí Minh,6.800.000 ₫,27.300 ₫,96%,100%,100%,0,0,0,0,4
laptop,5.350.000 ₫,47% Off,,,Hà Nội,10.000.000 ₫,84.600 ₫,94%,100%,82%,0,0,0,0,0
laptop,8.999.000 ₫,,24 Đã bán,(6),Hưng Yên,,70.000 ₫,91%,65%,100%,0,0,1,0,5
laptop,2.990.000 ₫,,5 Đã bán,(0),Hưng Yên,,56.800 ₫,91%,65%,100%,0,0,0,0,1
laptop,1.950.000 ₫,25% Off,,,Hà Nội,2.600.000 ₫,55.400 ₫,95%,100%,100%,0,0,0,0,0
laptop,24.750.000 ₫,13% Off,,,Hà Nội,28.460.000 ₫,64.700 ₫,100%,,,0,0,0,0,0
laptop,1.700.000 ₫,,,,Hưng Yên,,80.200 ₫,91%,65%,100%,0,0,0,0,0
laptop,11.490.000 ₫,12% Off,,,Hồ Chí Minh,12.990.000 ₫,,96%,,81%,0,0,0,0,0
laptop,20.950.000 ₫,7% Off,,,Hồ Chí Minh,22.590.000 ₫,Miễn phí,94%,86%,100%,0,0,0,0,0
laptop,2.900.000 ₫,,,,Hà Nội,,32.700 ₫,,,,0,0,0,0,0
laptop,5.500.000 ₫,,,(1),Hồ Chí Minh,,Miễn phí,97%,100%,100%,0,0,0,0,1
laptop,400.000 ₫,1% Off,,,Nước ngoài,935.000 ₫,Miễn phí,,33%,,0,0,0,0,0
laptop,2.970.000 ₫,,,,Hà Nội,,Miễn phí,98%,100%,100%,0,0,0,0,0
laptop,2.290.000 ₫,50% Off,,(2),Hồ Chí Minh,4.580.000 ₫,9.100 ₫,91%,100%,80%,0,0,0,0,2
laptop,1.799.000 ₫,,59 Đã bán,(15),Đồng Nai,,Miễn phí,96%,50%,50%,0,0,0,0,15
laptop,1.990.000 ₫,50% Off,25 Đã bán,(8),Hồ Chí Minh,3.980.000 ₫,9.100 ₫,91%,100%,80%,0,0,0,1,7
laptop,1.000.000 ₫,,,,Tiền Giang,,40.300 ₫,82%,86%,87%,0,0,0,0,0
laptop,2.500.000 ₫,,,,Đồng Nai,,65.500 ₫,,,100%,0,0,0,0,0
laptop,2.750.000 ₫,,,,Đồng Nai,,40.300 ₫,,,100%,0,0,0,0,0
laptop,3.570.000 ₫,12% Off,7 Đã bán,(4),Hà Nội,4.070.000 ₫,Miễn phí,98%,100%,100%,0,1,0,0,3
laptop,6.500.000 ₫,,,,Hồ Chí Minh,,27.300 ₫,,,,0,0,0,0,0
laptop,6.569.000 ₫,,77 Đã bán,(11),Hưng Yên,,37.700 ₫,97%,100%,100%,0,0,0,1,10
laptop,27.950.000 ₫,7% Off,,,Hồ Chí Minh,35.990.000 ₫,19.600 ₫,97%,67%,100%,0,0,0,0,0
laptop,4.893.899 ₫,11% Off,24 Đã bán,(19),Hà Nội,,Miễn phí,98%,100%,100%,0,0,0,0,20
laptop,4.800.000 ₫,,196 Đã bán,(65),Nam Định,,56.800 ₫,99%,100%,100%,0,0,0,0,65
laptop,32.940.000 ₫,6% Off,9 Đã bán,,Hồ Chí Minh,39.990.000 ₫,19.600 ₫,97%,67%,100%,0,0,0,0,0
laptop,8.566.770 ₫,,,,Hưng Yên,,37.700 ₫,100%,98%,100%,0,0,0,0,0
laptop,11.999.000 ₫,29% Off,,,Hồ Chí Minh,16.990.000 ₫,27.300 ₫,93%,100%,,0,0,0,0,0
laptop,15.490.000 ₫,3% Off,,,Hồ Chí Minh,15.990.000 ₫,,96%,,81%,0,0,0,0,0
laptop,7.549.557 ₫,42% Off,49 Đã bán,(27),Hồ Chí Minh,15.954.300 ₫,Miễn phí,98%,,,0,0,0,0,27
laptop,19.569.000 ₫,22% Off,,,Hồ Chí Minh,25.000.000 ₫,38.000 ₫,99%,,,0,0,0,0,0
laptop,12.600.000 ₫,,,,Hà Nội,,Miễn phí,98%,100%,100%,0,0,0,0,0
laptop,20.390.000 ₫,,,,Hà Nội,,38.000 ₫,,,,0,0,0,0,0
laptop,5.750.000 ₫,,6 Đã bán,,Thái Bình,,Miễn phí,95%,100%,,0,0,0,0,0
laptop,16.990.000 ₫,17% Off,,(1),Hồ Chí Minh,20.490.000 ₫,,96%,,81%,0,0,0,0,1
laptop,8.500.000 ₫,,,(1),Thanh Hóa,,Miễn phí,92%,,33%,0,0,0,0,1
laptop,11.290.000 ₫,2% Off,,,Hồ Chí Minh,11.490.000 ₫,,96%,,81%,0,0,0,0,0
laptop,21.799.000 ₫,13% Off,8 Đã bán,,Hồ Chí Minh,25.000.000 ₫,23.800 ₫,93%,100%,,0,0,0,0,0
laptop,18.370.000 ₫,17% Off,5 Đã bán,(1),Hà Nội,22.044.000 ₫,64.700 ₫,99%,83%,40%,0,0,0,0,1
laptop,10.307.500 ₫,,,(1),Hồ Chí Minh,,74.700 ₫,92%,20%,83%,0,0,0,0,1
laptop,7.990.000 ₫,,,,Hà Nội,,Miễn phí,95%,,40%,0,0,0,0,0
laptop,9.630.000 ₫,,19 Đã bán,,Hồ Chí Minh,,52.300 ₫,92%,20%,83%,0,0,0,0,0
laptop,8.990.000 ₫,18% Off,,,Hồ Chí Minh,10.990.000 ₫,,96%,,81%,0,0,0,0,0
laptop,25.990.000 ₫,,6 Đã bán,(1),Hồ Chí Minh,,23.800 ₫,100%,,,0,0,0,0,1
laptop,16.500.000 ₫,,,,Hồ Chí Minh,,27.300 ₫,,,,0,0,0,0,0
laptop,20.143.200 ₫,25% Off,5 Đã bán,,Hồ Chí Minh,44.899.000 ₫,Miễn phí,97%,100%,100%,0,0,0,0,0
laptop,15.890.000 ₫,,8 Đã bán,(1),Hồ Chí Minh,,23.800 ₫,100%,,,0,0,0,0,1
laptop,18.990.000 ₫,,,,Hồ Chí Minh,,23.800 ₫,100%,,,0,0,0,0,0
laptop,27.990.000 ₫,26% Off,,,Hồ Chí Minh,37.999.000 ₫,Miễn phí,99%,97%,94%,0,0,0,0,0
laptop,22.790.000 ₫,19% Off,,,Hồ Chí Minh,27.990.000 ₫,9.700 ₫,97%,98%,89%,0,0,0,0,0
laptop,7.599.999 ₫,47% Off,,(1),Hải Phòng,14.799.999 ₫,Miễn phí,95%,99%,100%,0,0,0,0,1
laptop,19.390.000 ₫,,6 Đã bán,(2),Hồ Chí Minh,,Miễn phí,99%,100%,100%,0,0,0,0,2
laptop,8.999.999 ₫,10% Off,10 Đã bán,(4),Hồ Chí Minh,10.890.099 ₫,Miễn phí,95%,100%,85%,0,0,0,0,4
laptop,5.300.000 ₫,,,,Thanh Hóa,,100.600 ₫,,,,0,0,0,0,0
laptop,3.990.000 ₫,20% Off,5 Đã bán,(2),Hà Nội,5.390.000 ₫,57.700 ₫,100%,,,0,0,0,0,2
laptop,1.000.000 ₫,,11 Đã bán,(2),Tiền Giang,,40.300 ₫,82%,86%,87%,1,0,1,0,1
laptop,1.000.000 ₫,,,,Tiền Giang,,40.300 ₫,82%,86%,87%,0,0,0,0,0
laptop,6.000.000 ₫,,136 Đã bán,(42),Nam Định,,56.800 ₫,99%,100%,100%,0,0,0,0,42
laptop,2.250.000 ₫,46% Off,9 Đã bán,(4),Hồ Chí Minh,4.200.000 ₫,20.100 ₫,96%,100%,100%,0,0,0,0,5
laptop,1.700.000 ₫,,,,Hồ Chí Minh,,18.300 ₫,92%,100%,77%,0,0,0,0,0
laptop,2.668.000 ₫,11% Off,,,Nghệ An,2.998.000 ₫,63.300 ₫,94%,92%,91%,0,0,0,0,0
laptop,6.520.000 ₫,,43 Đã bán,(14),Hưng Yên,,37.700 ₫,100%,98%,100%,0,0,0,2,12
laptop,990.000 ₫,,38 Đã bán,(12),Hồ Chí Minh,,27.300 ₫,90%,,100%,1,1,0,2,8
laptop,4.800.000 ₫,,75 Đã bán,(23),Nam Định,,56.800 ₫,99%,100%,100%,0,0,0,0,24
laptop,151.000 ₫,74% Off,,,Nước ngoài,580.000 ₫,17.000 ₫,96%,94%,100%,0,0,0,0,0
laptop,5.990.000 ₫,48% Off,,,Hà Nội,11.490.000 ₫,Miễn phí,85%,,,0,0,0,0,0
laptop,6.399.999 ₫,17% Off,28 Đã bán,(11),Hà Nội,,Miễn phí,98%,100%,100%,0,0,0,0,11
laptop,361.200 ₫,23% Off,,,Nước ngoài,469.560 ₫,Miễn phí,97%,100%,100%,0,0,0,0,0
laptop,2.650.000 ₫,,13 Đã bán,(3),Hồ Chí Minh,,19.600 ₫,100%,,100%,0,0,0,1,2
laptop,12.000.000 ₫,,,,Thái Nguyên,,43.900 ₫,,,,0,0,0,0,0
laptop,4.800.000 ₫,38% Off,,,Hồ Chí Minh,7.800.000 ₫,Miễn phí,96%,100%,100%,0,0,0,0,0
laptop,3.900.000 ₫,,12 Đã bán,(3),Hà Nội,,51.500 ₫,79%,84%,96%,0,0,0,1,2
laptop,55.188.000 ₫,,49 Đã bán,,Hồ Chí Minh,,Miễn phí,82%,,100%,0,0,0,0,0
laptop,3.995.000 ₫,,6 Đã bán,(5),Hồ Chí Minh,,20.700 ₫,99%,100%,100%,0,0,0,0,5
laptop,1.999.000 ₫,,,,Hồ Chí Minh,,18.300 ₫,92%,100%,77%,0,0,0,0,0
laptop,2.000.000 ₫,,5 Đã bán,,Hồ Chí Minh,,27.300 ₫,,,,0,0,0,0,0
laptop,4.427.000 ₫,,,,Hà Nội,,64.700 ₫,79%,84%,96%,0,0,0,0,0
laptop,3.100.000 ₫,,20 Đã bán,(10),Hồ Chí Minh,,21.200 ₫,100%,,,0,0,0,2,8
laptop,79.120 ₫,65% Off,9 Đã bán,(5),Nước ngoài,228.000 ₫,17.000 ₫,95%,93%,99%,0,0,0,0,6
laptop,46.490.000 ₫,,38 Đã bán,,Hồ Chí Minh,,,96%,,81%,0,0,0,0,0
laptop,1.642.000 ₫,,25 Đã bán,(4),Hà Nội,,64.700 ₫,79%,84%,96%,1,0,0,0,3
laptop,1.326.000 ₫,,,,Hồ Chí Minh,,23.800 ₫,98%,83%,100%,0,0,0,0,0
laptop,5.300.000 ₫,,,,Hà Nội,,,,,,0,0,0,0,0
laptop,14.699.000 ₫,18% Off,17 Đã bán,(8),Hồ Chí Minh,18.000.000 ₫,30.900 ₫,100%,100%,100%,0,0,0,0,8
laptop,4.093.080 ₫,31% Off,,(2),Hồ Chí Minh,5.900.000 ₫,27.300 ₫,96%,100%,100%,0,0,0,0,3
laptop,8.500.000 ₫,,23 Đã bán,(4),Hưng Yên,,70.000 ₫,91%,65%,100%,0,0,1,0,3
laptop,10.590.000 ₫,15% Off,,,Hà Nội,12.460.000 ₫,115.100 ₫,92%,,,0,0,0,0,0
laptop,4.790.000 ₫,19% Off,5 Đã bán,(1),Hồ Chí Minh,5.900.000 ₫,Miễn phí,90%,,,0,0,0,0,1
laptop,3.400.000 ₫,,12 Đã bán,(5),Hưng Yên,,70.000 ₫,91%,65%,100%,0,0,0,0,5
laptop,6.250.000 ₫,4% Off,,,Hồ Chí Minh,8.500.000 ₫,Miễn phí,97%,100%,100%,0,0,0,0,0
laptop,18.190.000 ₫,9% Off,,,Hồ Chí Minh,19.990.000 ₫,,96%,,81%,0,0,0,0,0
laptop,39.000 ₫,17% Off,313 Đã bán,(67),Hồ Chí Minh,,,,,,11,1,3,5,47
laptop,1.727.600 ₫,,,,Hà Nội,,,,,,0,0,0,0,0
laptop,3.200.000 ₫,50% Off,,,Hà Nội,6.400.000 ₫,Miễn phí,,,,0,0,0,0,0
laptop,3.899 ₫,,14 Đã bán,(0),Quảng Trị,,37.700 ₫,97%,,,0,0,0,0,1
laptop,17.990.000 ₫,38% Off,3.0K Đã bán,(672),Hồ Chí Minh,28.990.000 ₫,10.200 ₫,94%,98%,100%,28,5,10,17,612
laptop,6.685.956 ₫,27% Off,69 Đã bán,(28),Hồ Chí Minh,9.999.999 ₫,Miễn phí,97%,,,0,0,0,0,28
laptop,1.000.000 ₫,,81 Đã bán,(28),Hà Nội,,198.200 ₫,94%,20%,83%,2,1,1,3,21
laptop,79.120 ₫,65% Off,9 Đã bán,(5),Nước ngoài,228.000 ₫,17.000 ₫,95%,93%,99%,0,0,0,0,6
laptop,350.000 ₫,,,,Tây Ninh,,48.200 ₫,97%,100%,80%,0,0,0,0,0
laptop,902.899 ₫,25% Off,11 Đã bán,(2),Hưng Yên,1.499.999 ₫,70.000 ₫,86%,100%,87%,1,0,0,0,2
laptop,125.332 ₫,"23% Off
LazFlash Sale,kết thúc sau 1 ngày",2.2K Đã bán,(790),Hồ Chí Minh,199.000 ₫,16.500 ₫,99%,100%,100%,3,1,2,12,772
laptop,1.300.000 ₫,28% Off,83 Đã bán,(41),Hà Nội,,74.400 ₫,92%,50%,85%,0,0,0,6,35
laptop,1.300.000 ₫,13% Off,58 Đã bán,(24),Hồ Chí Minh,1.500.000 ₫,13.800 ₫,90%,100%,100%,1,0,1,4,18
laptop,1.200.000 ₫,8% Off,138 Đã bán,(56),Hồ Chí Minh,1.850.000 ₫,13.800 ₫,90%,100%,100%,4,2,1,2,47
laptop,3.730.000 ₫,37% Off,31 Đã bán,(11),Hồ Chí Minh,6.800.000 ₫,27.300 ₫,96%,100%,100%,1,0,0,0,10
laptop,27.590.000 ₫,16% Off,147 Đã bán,(3),Hồ Chí Minh,32.990.000 ₫,,94%,98%,100%,0,0,0,0,4
laptop,1.799.000 ₫,,118 Đã bán,(37),Đồng Nai,,65.500 ₫,96%,50%,50%,0,0,0,1,36
laptop,3.248.000 ₫,10% Off,64 Đã bán,(28),Nghệ An,3.598.000 ₫,56.800 ₫,94%,92%,91%,0,0,0,0,28
laptop,1.200.000 ₫,8% Off,147 Đã bán,(62),Hồ Chí Minh,1.500.000 ₫,13.800 ₫,90%,100%,100%,5,0,1,3,54
laptop,3.258.000 ₫,19% Off,73 Đã bán,(32),Nghệ An,3.998.000 ₫,56.800 ₫,94%,92%,91%,0,0,1,0,31
laptop,978.780 ₫,11% Off,9 Đã bán,(1),Tiền Giang,1.100.000 ₫,40.300 ₫,82%,86%,87%,0,0,0,0,1
laptop,2.455.000 ₫,,14 Đã bán,(2),Hà Nội,,38.000 ₫,79%,84%,96%,0,0,1,0,1
laptop,3.390.000 ₫,15% Off,,(3),Hà Nội,4.000.000 ₫,52.400 ₫,91%,75%,100%,0,0,0,0,3
laptop,1.200.000 ₫,48% Off,24 Đã bán,(11),Hồ Chí Minh,2.500.000 ₫,Miễn phí,91%,100%,100%,0,1,0,1,9
laptop,2.300.000 ₫,8% Off,,(0),Hà Nội,3.000.000 ₫,104.900 ₫,92%,50%,85%,0,0,0,0,1
laptop,1.067.760 ₫,18% Off,18 Đã bán,(6),Hồ Chí Minh,1.300.000 ₫,13.800 ₫,90%,100%,100%,0,0,0,0,6
laptop,1.600.000 ₫,,261 Đã bán,(133),Nghệ An,,56.800 ₫,95%,100%,,6,1,2,9,115
laptop,299.712 ₫,,,,Hồ Chí Minh,,18.300 ₫,99%,100%,100%,0,0,0,0,0
laptop,990.000 ₫,1% Off,36 Đã bán,(15),Hải Dương,1.500.000 ₫,90.700 ₫,94%,100%,75%,1,0,1,0,13
laptop,1.239.000 ₫,38% Off,22 Đã bán,(10),Hồ Chí Minh,2.200.000 ₫,Miễn phí,91%,100%,100%,0,0,0,0,10
laptop,78.886 ₫,,,(1),Hồ Chí Minh,,18.300 ₫,99%,100%,100%,0,0,0,0,1
laptop,400.000 ₫,1% Off,,,Nước ngoài,935.000 ₫,Miễn phí,,33%,,0,0,0,0,0
laptop,4.799.999 ₫,40% Off,117 Đã bán,(33),Hải Phòng,7.939.999 ₫,Miễn phí,95%,99%,100%,1,0,0,0,32
laptop,400.000 ₫,,9 Đã bán,(2),Tiền Giang,,40.300 ₫,87%,37%,100%,0,0,0,0,2
laptop,4.804.919 ₫,44% Off,97 Đã bán,(23),Hải Phòng,8.599.999 ₫,51.100 ₫,88%,100%,100%,3,0,1,0,20
laptop,6.614.299 ₫,27% Off,91 Đã bán,(49),Hồ Chí Minh,8.999.999 ₫,Miễn phí,96%,100%,100%,1,0,0,2,46
laptop,6.519.809 ₫,8% Off,294 Đã bán,(118),Hồ Chí Minh,8.999.999 ₫,Miễn phí,96%,100%,100%,1,0,2,0,115
laptop,400.000 ₫,,,(1),Tiền Giang,,40.300 ₫,87%,37%,100%,0,0,0,0,1
laptop,1.089.839 ₫,16% Off,,(3),Hưng Yên,1.399.999 ₫,80.200 ₫,86%,100%,87%,0,0,0,0,3
laptop,1.200.000 ₫,48% Off,,,Hồ Chí Minh,2.300.000 ₫,Miễn phí,91%,100%,100%,0,0,0,0,0
laptop,631.000 ₫,18% Off,,,Nước ngoài,845.000 ₫,Miễn phí,100%,,100%,0,0,0,0,0
laptop,631.000 ₫,18% Off,,,Nước ngoài,768.000 ₫,Miễn phí,100%,,100%,0,0,0,0,0
laptop,400.000 ₫,,5 Đã bán,(1),Tiền Giang,,40.300 ₫,87%,37%,100%,1,0,0,0,0
laptop,455.555 ₫,18% Off,,,Nước ngoài,555.555 ₫,Miễn phí,100%,,100%,0,0,0,0,0
laptop,548.800 ₫,26% Off,,,Nước ngoài,740.880 ₫,261 ₫,,100%,,0,0,0,0,0
laptop,4.390.000 ₫,"20% Off
LazFlash Sale,kết thúc sau 1 ngày",126 Đã bán,(29),Hà Nội,5.900.000 ₫,Miễn phí,98%,100%,100%,0,0,1,0,28
laptop,2.550.000 ₫,20% Off,33 Đã bán,(9),Hà Nội,3.200.000 ₫,52.400 ₫,91%,75%,100%,0,0,0,0,9
laptop,1.790.000 ₫,,11 Đã bán,(1),Hà Nội,,51.500 ₫,79%,84%,96%,0,0,0,0,1
laptop,700.000 ₫,,,(1),Tiền Giang,,32.200 ₫,82%,86%,87%,1,0,0,0,0
laptop,110.000 ₫,,33 Đã bán,(11),Thừa Thiên Huế,,56.800 ₫,92%,82%,37%,4,0,0,0,7
laptop,1.200.000 ₫,,25 Đã bán,(10),Tiền Giang,,32.200 ₫,87%,37%,100%,0,0,0,1,9
laptop,2.500.000 ₫,,102 Đã bán,(46),Hà Nội,,104.900 ₫,92%,50%,85%,0,0,2,1,43
laptop,10.490.000 ₫,19% Off,353 Đã bán,(108),Hồ Chí Minh,12.990.000 ₫,21.200 ₫,98%,77%,50%,3,0,0,1,104
laptop,1.799.000 ₫,,146 Đã bán,(41),Đồng Nai,,65.500 ₫,99%,100%,50%,0,0,0,1,40
laptop,4.173.000 ₫,"11% Off
LazFlash Sale,kết thúc sau 1 ngày",154 Đã bán,(49),Hưng Yên,6.459.000 ₫,56.800 ₫,97%,100%,100%,0,0,1,3,46
laptop,1.990.000 ₫,50% Off,25 Đã bán,(8),Hồ Chí Minh,3.980.000 ₫,9.100 ₫,91%,100%,80%,0,0,0,1,7
laptop,4.000.000 ₫,50% Off,,(1),Hồ Chí Minh,8.598.000 ₫,10.200 ₫,91%,100%,80%,0,0,0,0,1
laptop,1.799.000 ₫,,147 Đã bán,(39),Đồng Nai,,65.500 ₫,99%,100%,50%,0,0,0,1,39
laptop,1.900.000 ₫,,29 Đã bán,(5),Hà Nội,,38.000 ₫,79%,84%,96%,1,0,0,0,4
laptop,1.799.000 ₫,,52 Đã bán,(13),Đồng Nai,,Miễn phí,96%,50%,50%,0,0,0,0,14
laptop,1.842.000 ₫,,,,Hà Nội,,64.700 ₫,79%,84%,96%,0,0,0,0,0
laptop,3.000.000 ₫,40% Off,5 Đã bán,(4),Hà Nội,4.998.000 ₫,74.400 ₫,79%,84%,96%,0,0,0,0,3
laptop,2.190.000 ₫,,,,Hồ Chí Minh,,18.300 ₫,92%,100%,77%,0,0,0,0,0
laptop,1.799.000 ₫,,75 Đã bán,(21),Đồng Nai,,65.500 ₫,96%,50%,50%,1,0,0,1,19
laptop,1.500.000 ₫,,11 Đã bán,(6),Tiền Giang,,40.300 ₫,87%,37%,100%,0,0,2,0,3
laptop,2.900.000 ₫,50% Off,13 Đã bán,(4),Hồ Chí Minh,5.800.000 ₫,27.300 ₫,96%,100%,100%,0,0,0,0,5
laptop,1.950.000 ₫,,,,Hồ Chí Minh,,38.000 ₫,,,100%,0,0,0,0,0
laptop,864.999 ₫,28% Off,15 Đã bán,(2),Hưng Yên,1.499.999 ₫,100.600 ₫,86%,100%,87%,1,0,0,0,1
laptop,222.000 ₫,73% Off,,,Nước ngoài,863.000 ₫,17.000 ₫,95%,93%,99%,0,0,0,0,0
laptop,1.798.761 ₫,10% Off,20 Đã bán,(6),Hà Nội,4.290.000 ₫,84.600 ₫,94%,100%,82%,0,0,0,0,6
laptop,800.000 ₫,,,,Tiền Giang,,40.300 ₫,87%,37%,100%,0,0,0,0,0
laptop,4.560.080 ₫,21% Off,28 Đã bán,(15),Hà Nội,6.500.000 ₫,84.600 ₫,94%,100%,82%,0,2,0,1,12
laptop,1.499.999 ₫,6% Off,,,Hưng Yên,1.999.999 ₫,100.600 ₫,86%,100%,87%,0,0,0,0,0
laptop,2.834.699 ₫,19% Off,53 Đã bán,(4),Hà Nội,6.500.000 ₫,Miễn phí,98%,100%,100%,0,0,0,0,4
laptop,1.500.000 ₫,,,(1),Tiền Giang,,48.200 ₫,87%,37%,100%,0,0,0,0,0
laptop,6.228.599 ₫,28% Off,302 Đã bán,(126),Hồ Chí Minh,12.900.000 ₫,Miễn phí,95%,100%,85%,5,0,0,0,122
laptop,4.351.599 ₫,48% Off,25 Đã bán,(5),Hải Phòng,8.299.999 ₫,Miễn phí,100%,100%,100%,0,0,0,0,5
laptop,2.500.000 ₫,44% Off,7 Đã bán,(2),Phú Thọ,4.800.000 ₫,51.100 ₫,87%,,,0,0,0,0,2
laptop,2.622.600 ₫,42% Off,89 Đã bán,(36),Hồ Chí Minh,4.100.000 ₫,16.500 ₫,96%,80%,94%,1,1,1,5,28
laptop,7.250.089 ₫,19% Off,129 Đã bán,(35),Hồ Chí Minh,8.999.999 ₫,Miễn phí,95%,100%,85%,1,0,0,0,34
laptop,3.240.000 ₫,,5 Đã bán,,Hà Nội,,Miễn phí,98%,100%,100%,0,0,0,0,0
laptop,5.999.999 ₫,25% Off,13 Đã bán,(9),Hồ Chí Minh,7.999.999 ₫,Miễn phí,97%,,,0,1,0,0,8
laptop,4.900.000 ₫,37% Off,,(1),Hồ Chí Minh,7.800.000 ₫,Miễn phí,96%,100%,100%,0,0,0,0,1
laptop,1.300.000 ₫,,14 Đã bán,(8),Hà Nội,,104.900 ₫,92%,50%,85%,0,0,0,0,8
laptop,3.500.000 ₫,49% Off,,(1),Hồ Chí Minh,6.800.000 ₫,23.800 ₫,96%,100%,100%,0,0,0,0,1
laptop,7.570.000 ₫,,55 Đã bán,(13),Hà Nội,,Miễn phí,98%,100%,100%,0,0,0,0,13
laptop,6.851.459 ₫,24% Off,127 Đã bán,(27),Hồ Chí Minh,9.999.999 ₫,Miễn phí,97%,,,0,0,0,0,27
laptop,2.570.000 ₫,10% Off,33 Đã bán,(10),Hà Nội,3.270.000 ₫,Miễn phí,98%,100%,100%,0,0,0,1,10
laptop,1.990.000 ₫,,7 Đã bán,(1),Hà Nội,,Miễn phí,95%,,,0,0,0,0,1
laptop,200.000 ₫,50% Off,,,Thừa Thiên Huế,400.000 ₫,100.600 ₫,94%,95%,78%,0,0,0,0,0
laptop,1.900.000 ₫,5% Off,33 Đã bán,(14),Hồ Chí Minh,2.000.000 ₫,13.800 ₫,90%,100%,100%,0,0,1,1,12
laptop,2.668.000 ₫,8% Off,33 Đã bán,(18),Nghệ An,2.898.000 ₫,56.800 ₫,94%,92%,91%,0,2,0,2,15
laptop,1.200.000 ₫,14% Off,145 Đã bán,(53),Hồ Chí Minh,1.400.000 ₫,13.800 ₫,90%,100%,100%,3,2,1,2,45
laptop,1.799.000 ₫,,50 Đã bán,(13),Đồng Nai,,65.500 ₫,96%,50%,50%,0,0,0,1,12
laptop,999.999 ₫,17% Off,38 Đã bán,(10),Hưng Yên,1.199.999 ₫,100.600 ₫,82%,100%,,1,1,1,0,7
laptop,2.699.000 ₫,,,,Đồng Nai,,48.200 ₫,97%,100%,,0,0,0,0,0
laptop,2.290.000 ₫,50% Off,,(2),Hồ Chí Minh,4.580.000 ₫,9.100 ₫,91%,100%,80%,0,0,0,0,2
laptop,1.354.350 ₫,10% Off,5 Đã bán,(1),Tiền Giang,1.500.000 ₫,48.200 ₫,82%,86%,87%,0,0,0,0,1
laptop,2.699.000 ₫,,,,Đồng Nai,,48.200 ₫,97%,100%,,0,0,0,0,0
laptop,80.000 ₫,,,(1),Hồ Chí Minh,,18.300 ₫,97%,100%,100%,0,0,0,0,1
laptop,5.618.818 ₫,"57% Off
Áp dụng voucher",33 Đã bán,(19),Hồ Chí Minh,,,,,,1,0,0,0,18
laptop,668.113 ₫,33% Off,,,Nước ngoài,999.900 ₫,17.000 ₫,100%,,,0,0,0,0,0
laptop,7.689.000 ₫,,40 Đã bán,(7),Hưng Yên,,37.700 ₫,100%,98%,100%,0,0,0,0,7
laptop,3.500.000 ₫,,15 Đã bán,(3),Hồ Chí Minh,,20.100 ₫,88%,100%,100%,0,0,0,0,3
laptop,11.550.000 ₫,,,,Nghệ An,,90.400 ₫,100%,100%,100%,0,0,0,0,0
laptop,3.999.999 ₫,,7 Đã bán,(3),Hà Nội,,Miễn phí,98%,100%,100%,0,0,0,0,3
laptop,1.957.560 ₫,53% Off,,,Hồ Chí Minh,4.200.000 ₫,27.300 ₫,96%,100%,100%,0,0,0,0,0
laptop,11.100.000 ₫,,,,Thái Nguyên,,Miễn phí,,,,0,0,0,0,0
laptop,2.990.000 ₫,,,,Hưng Yên,,70.000 ₫,91%,65%,100%,0,0,0,0,0
laptop,11.950.000 ₫,,,,Nghệ An,,90.400 ₫,100%,100%,100%,0,0,0,0,0
laptop,2.800.000 ₫,,,(1),Hồ Chí Minh,,27.300 ₫,100%,,,0,0,0,0,1
laptop,3.800.000 ₫,,17 Đã bán,(5),Hưng Yên,,70.000 ₫,91%,65%,100%,1,0,1,0,3
laptop,3.800.000 ₫,46% Off,,(1),Hồ Chí Minh,7.000.000 ₫,16.500 ₫,96%,80%,94%,0,0,0,1,0
laptop,14.850.000 ₫,,5 Đã bán,,Nghệ An,,90.400 ₫,100%,100%,100%,0,0,0,0,0
laptop,7.254.959 ₫,45% Off,16 Đã bán,(3),Hải Phòng,13.199.999 ₫,Miễn phí,100%,100%,100%,0,0,0,0,3
laptop,1.800.000 ₫,28% Off,,(1),Hồ Chí Minh,2.500.000 ₫,27.300 ₫,96%,100%,100%,0,0,0,0,1
laptop,7.131.799 ₫,52% Off,21 Đã bán,(4),Hải Phòng,16.099.999 ₫,Miễn phí,100%,100%,100%,0,0,0,0,5
laptop,2.600.000 ₫,,,,Hồ Chí Minh,,20.100 ₫,88%,100%,,0,0,0,0,0
laptop,7.224.999 ₫,52% Off,51 Đã bán,(5),Hải Phòng,13.899.999 ₫,Miễn phí,100%,100%,100%,0,0,0,0,5
laptop,1.650.000 ₫,,,,Hồ Chí Minh,,27.300 ₫,100%,100%,,0,0,0,0,0
laptop,147.177 ₫,10% Off,,,Nước ngoài,163.530 ₫,17.000 ₫,,,,0,0,0,0,0
laptop,5.499.000 ₫,25% Off,130 Đã bán,(57),Hà Nội,7.299.000 ₫,74.400 ₫,96%,100%,100%,0,0,0,2,55
laptop,539.000 ₫,18% Off,,,Nước ngoài,922.000 ₫,Miễn phí,100%,,100%,0,0,0,0,0
laptop,361.200 ₫,23% Off,,,Nước ngoài,469.560 ₫,Miễn phí,97%,100%,100%,0,0,0,0,0
laptop,1.099.000 ₫,,,,Hà Nội,,63.400 ₫,93%,92%,78%,0,0,0,0,0
laptop,680.000 ₫,,,,Hồ Chí Minh,,27.300 ₫,100%,75%,100%,0,0,0,0,0
laptop,990.000 ₫,42% Off,,,Thanh Hóa,1.699.969 ₫,80.200 ₫,86%,100%,,0,0,0,0,0
laptop,219.000 ₫,,,,Nước ngoài,,17.000 ₫,96%,94%,100%,0,0,0,0,0
laptop,1.031.000 ₫,,,,Tiền Giang,,40.300 ₫,87%,37%,100%,0,0,0,0,0
laptop,2.580.420 ₫,43% Off,,(1),Hồ Chí Minh,5.500.000 ₫,23.800 ₫,96%,100%,100%,0,0,0,0,1
laptop,2.400.000 ₫,,31 Đã bán,(10),Hà Nội,,74.400 ₫,92%,50%,85%,0,0,1,2,7
laptop,1.400.000 ₫,,24 Đã bán,(10),Tiền Giang,,40.300 ₫,87%,37%,100%,2,0,0,0,9
laptop,151.000 ₫,74% Off,,,Nước ngoài,580.000 ₫,17.000 ₫,96%,94%,100%,0,0,0,0,0
laptop,2.550.000 ₫,49% Off,169 Đã bán,(50),Thái Bình,5.000.000 ₫,80.200 ₫,95%,100%,,2,0,0,2,46
laptop,13.350.000 ₫,,,,Nghệ An,,90.400 ₫,100%,100%,100%,0,0,0,0,0
laptop,1.100.000 ₫,8% Off,,,Đồng Nai,1.200.000 ₫,Miễn phí,100%,100%,100%,0,0,0,0,0
laptop,2.699.000 ₫,,,,Đồng Nai,,48.200 ₫,97%,100%,,0,0,0,0,0
laptop,15.000.000 ₫,,35 Đã bán,(6),Hưng Yên,,37.700 ₫,100%,98%,100%,0,0,0,0,6
laptop,1.200.000 ₫,14% Off,,(2),Hồ Chí Minh,1.400.000 ₫,13.800 ₫,90%,100%,100%,0,0,0,0,2
laptop,6.350.000 ₫,31% Off,5 Đã bán,,Hồ Chí Minh,9.250.000 ₫,20.100 ₫,88%,100%,100%,0,0,0,0,0
laptop,1.700.000 ₫,,17 Đã bán,(8),Hưng Yên,,56.800 ₫,91%,65%,100%,0,0,0,1,7
laptop,3.900.000 ₫,,,,Thanh Hóa,,100.600 ₫,,,,0,0,0,0,0
laptop,2.100.000 ₫,,,,Hà Nội,,,,,,0,0,0,0,0
laptop,8.566.770 ₫,,,,Hưng Yên,,37.700 ₫,100%,98%,100%,0,0,0,0,0
laptop,29.990.000 ₫,25% Off,,,Hồ Chí Minh,39.999.000 ₫,21.200 ₫,99%,97%,99%,0,0,0,0,0
laptop,4.500.000 ₫,,14 Đã bán,(5),Hưng Yên,,51.100 ₫,100%,98%,100%,0,0,0,0,5
laptop,15.500.000 ₫,26% Off,5 Đã bán,,Hồ Chí Minh,20.990.000 ₫,12.800 ₫,94%,100%,,0,0,0,0,0
laptop,5.622.499 ₫,14% Off,8 Đã bán,(2),Hà Nội,,Miễn phí,98%,100%,100%,0,0,0,0,2
laptop,17.337.000 ₫,21% Off,,,Hồ Chí Minh,21.990.000 ₫,16.300 ₫,94%,100%,,0,0,0,0,0
laptop,1.571.000 ₫,,,,Hà Nội,,64.700 ₫,79%,84%,96%,0,0,0,0,1
laptop,6.500.000 ₫,,20 Đã bán,(4),Hưng Yên,14.000.000 ₫,70.000 ₫,91%,65%,100%,0,0,1,0,3
laptop,6.500.000 ₫,,11 Đã bán,(5),Hưng Yên,,70.000 ₫,91%,65%,100%,0,0,0,1,4
laptop,10.590.000 ₫,24% Off,9 Đã bán,(1),Hồ Chí Minh,13.890.000 ₫,23.800 ₫,94%,100%,,0,0,1,0,0
laptop,8.800.000 ₫,,24 Đã bán,(7),Hà Nội,,38.000 ₫,97%,100%,100%,0,0,0,0,7
laptop,8.999.000 ₫,,24 Đã bán,(6),Hưng Yên,,70.000 ₫,91%,65%,100%,0,0,1,0,5
laptop,14.000.000 ₫,,,,Hà Nội,,78.950.100 ₫,,,,0,0,0,0,0
laptop,4.200.000 ₫,28% Off,5 Đã bán,(3),Hồ Chí Minh,5.800.000 ₫,16.500 ₫,96%,80%,94%,0,0,0,0,4
laptop,2.530.000 ₫,,,,Hồ Chí Minh,,20.100 ₫,,,,0,0,0,0,0
laptop,6.600.000 ₫,6% Off,,,Đồng Nai,7.699.000 ₫,Miễn phí,95%,100%,100%,0,0,0,0,0
laptop,6.850.000 ₫,,,,Nam Định,,90.400 ₫,91%,90%,100%,0,0,0,0,0
laptop,2.870.000 ₫,12% Off,7 Đã bán,(2),Hà Nội,3.270.000 ₫,Miễn phí,98%,100%,100%,0,0,0,1,1
laptop,2.900.000 ₫,,,,Hà Nội,,32.700 ₫,,,,0,0,0,0,0
laptop,4.439.400 ₫,"56% Off
Giá Chào Sàn",,,Hồ Chí Minh,10.500.000 ₫,16.500 ₫,96%,80%,94%,0,0,0,0,0
laptop,7.191.218 ₫,40% Off,103 Đã bán,(39),Hồ Chí Minh,,Miễn phí,98%,,,1,0,1,0,37
laptop,4.650.000 ₫,,8 Đã bán,(1),Hà Nội,,45.100 ₫,99%,100%,100%,0,0,0,0,1
laptop,3.470.000 ₫,,9 Đã bán,(5),Hà Nội,,Miễn phí,98%,100%,100%,0,0,1,0,4
laptop,3.270.000 ₫,24% Off,9 Đã bán,(1),Hà Nội,4.289.000 ₫,Miễn phí,98%,100%,100%,0,0,0,0,1
laptop,3.070.000 ₫,6% Off,5 Đã bán,(1),Hà Nội,3.270.000 ₫,Miễn phí,98%,100%,100%,0,0,0,0,1
laptop,2.870.000 ₫,,,,Hà Nội,,Miễn phí,98%,100%,100%,0,0,0,0,0
laptop,1.790.000 ₫,,,,Hồ Chí Minh,,27.300 ₫,100%,100%,,0,0,0,0,0
laptop,1.799.000 ₫,,133 Đã bán,(36),Đồng Nai,,65.500 ₫,99%,100%,50%,0,0,0,0,36
laptop,4.200.000 ₫,,,,Hưng Yên,,56.800 ₫,100%,98%,100%,0,0,0,0,0
laptop,12.000.000 ₫,,,,Thái Nguyên,,43.900 ₫,,,,0,0,0,0,0
laptop,1.799.000 ₫,,64 Đã bán,(18),Đồng Nai,,65.500 ₫,96%,50%,50%,1,0,0,1,16
laptop,14.900.000 ₫,,,,Hồ Chí Minh,,27.300 ₫,,,,0,0,0,0,0
laptop,8.500.000 ₫,,,,Hà Nội,,Miễn phí,,100%,100%,0,0,0,0,0
laptop,8.120.000 ₫,,100 Đã bán,(15),Hưng Yên,,37.700 ₫,97%,100%,100%,0,0,0,0,15
laptop,6.900.000 ₫,,13 Đã bán,(5),Hưng Yên,,70.000 ₫,91%,65%,100%,1,0,1,1,2
laptop,7.250.000 ₫,,,,Nghệ An,,90.400 ₫,100%,100%,100%,0,0,0,0,0
laptop,12.690.000 ₫,,,,Hồ Chí Minh,,,99%,,100%,0,0,0,0,0
laptop,6.800.000 ₫,,,,Thanh Hóa,,100.600 ₫,,,,0,0,0,0,0
laptop,8.890.000 ₫,30% Off,6 Đã bán,(2),Hồ Chí Minh,12.790.000 ₫,23.800 ₫,94%,100%,,0,0,0,0,2
laptop,5.200.000 ₫,,,,Thanh Hóa,,100.600 ₫,,,,0,0,0,0,0
laptop,8.550.000 ₫,,,,Nghệ An,,90.400 ₫,100%,100%,100%,0,0,0,0,0
laptop,19.690.000 ₫,10% Off,,,Hồ Chí Minh,21.990.000 ₫,,96%,,81%,0,0,0,0,0
laptop,10.590.000 ₫,,,,Thanh Hóa,,56.800 ₫,96%,100%,66%,0,0,0,0,0
laptop,5.750.000 ₫,,6 Đã bán,,Thái Bình,,Miễn phí,95%,100%,,0,0,0,0,0
laptop,5.790.000 ₫,3% Off,,,Nam Định,5.998.000 ₫,90.400 ₫,91%,90%,100%,0,0,0,0,0
laptop,9.950.000 ₫,15% Off,7 Đã bán,(1),Hà Nội,11.700.000 ₫,94.800 ₫,100%,,,0,0,0,0,1
laptop,27.990.000 ₫,26% Off,,,Hồ Chí Minh,37.999.000 ₫,21.200 ₫,99%,97%,99%,0,0,0,0,0
laptop,8.500.000 ₫,,,(1),Thanh Hóa,,Miễn phí,92%,,33%,0,0,0,0,1
laptop,12.600.000 ₫,,,,Hà Nội,,Miễn phí,98%,100%,100%,0,0,0,0,0
laptop,9.800.000 ₫,,,,Hà Nội,,34.100 ₫,90%,100%,75%,0,0,0,0,0
laptop,8.400.000 ₫,,16 Đã bán,(5),Hưng Yên,,70.000 ₫,91%,65%,100%,0,0,0,0,5
laptop,8.500.000 ₫,,23 Đã bán,(4),Hưng Yên,,70.000 ₫,91%,65%,100%,0,0,1,0,3
laptop,17.200.000 ₫,,,,Hà Nội,,78.950.100 ₫,,,,0,0,0,0,0
laptop,19.990.000 ₫,,,,Hồ Chí Minh,,,99%,,100%,0,0,0,0,0
laptop,12.990.000 ₫,,,(1),Nghệ An,,90.400 ₫,100%,100%,100%,0,0,0,0,1
laptop,5.900.000 ₫,14% Off,,,Hà Nội,6.900.000 ₫,,97%,100%,100%,0,0,0,0,0
laptop,6.299.000 ₫,3% Off,,(0),Đồng Nai,6.500.000 ₫,Miễn phí,95%,100%,100%,0,0,0,0,1
